item,text
R1,"These UAVs shall include the Tactical Unmanned Aerial Vehicle (TUAV) and the Medium Altitude and Endurance (MAE) UAV (henceforth referred to as Outrider and Predator respectively), their associated payloads, and other network communication systems."
R2,TCS hardware must be scaleable or modular to meet varying Service needs.
R3,"The TCS shall consist of the TCS workstation Hardware Configuration Items (HWCIs), TCS Computer Software Configuration Items (CSCIs), and additional TCS Support HWCIs and CSCIs. [SSS004] All TCS HWCI’s and CSCI’s shall be Year 2000 compliant. [SSS567]."
R4,The TCS shall meet the applicable capability and characteristic criteria established by the Operational Requirements Document (ORD) CAF 003-90-I-A for the RQ-1A Predator Medium Altitude Endurance Unmanned Aerial Vehicle/System (MAE UAV) and the Close Range – Tactical Unmanned Aerial Vehicle (CR-TUAV). [SSS008] Appendix B and C identify applicable capability and characteristic criteria to TCS.
R5,"The TCS shall support 5 levels of UAV interaction: [SSS010] Level 1: receipt and transmission of secondary imagery and/or [as well as] data Level 2: direct receipt of imagery and/or [as well as] data Level 3: control of the UAV payload in addition to direct receipt of imagery/data Level 4: control of the UAV, less launch and recovery, plus all the functions of level three Level 5: capability to have full function and control of the UAV from takeoff to landing The TCS system shall provide software capabilities and hardware configurations necessary to fulfill the operational tasking requirements across the 5 levels of interaction. [SSS009] Table 3-2 identifies the payloads with which the TCS shall be interoperable. [SSS013] Table 3-2 Interoperable TCS Payloads"
R6,"The states of operation of the TCS shall include Startup, Operation, and Shutdown. [SSS014] The TCS states shall not exist concurrently. [SSS015] Figure 3.1-1 shows the existing states of the TCS."
R7,Upon application of power the TCS shall enter the Startup State. [SSS016] The Startup State shall be comprised of the following modes: Normal Startup Mode and Recovery Startup Mode. [SSS017] Figure 3.1.1-1 shows the modes that exist in the Startup State.
R8,"When the TCS Software is terminated normally the TCS shall enter the Normal Startup Mode of operation upon application of power. [SSS019] When the TCS software is halted due to an unplanned power interruption as well as abnormal program termination, then the TCS shall enter the Recovery Startup Mode upon application of power. [SSS020] During startup, the TCS shall determine which of the 5 levels of interaction are achievable by the TCS configuration. [SSS021] Levels of interaction higher than those achievable by a particular TCS configuration shall be prohibited. [SSS022] The TCS shall inform the operator if the operator attempts to execute a function prohibited as a result of the determined level of interaction. [SSS023]"
R9,"When executing in the Normal Startup Mode, the TCS shall provide the system functionality necessary to initialize the system to place it in the Operations State within 60 seconds from the time power is supplied and the TCS application is launched. [SSS024] Initialization of the TCS HWCIs shall include startup of HWCIs [SSS542], download of software [SSS026], startup of CSCIs [SSS02 7], execution of Startup FD/L [SSS025] , and establishment of the state of readiness of all interfaces. [SSS028]"
R10,The TCS in the Recovery Startup Mode shall provide the system functionality to resume the Operations State within 45 seconds. [SSS029]
R11,"Recovery of the TCS HWCIs shall include startup of HWCIs [SSS543], download of software [SSS544], startup of CSCIs [SSS545], and establishment of the state of readiness of all interfaces. [SSS546] The TCS shall be capable of automatically recording system state data, interface communications and other information necessary to support event reconstruction. [SSS528]"
R12,"DELETED**. [SSS030] For recovery from abnormal termination, TCS shall prompt the operator to select the type of recovery to be executed: (1)Resume in the Same Modes And Data;"
R13,"When in the Operations State the TCS shall be capable of operating in three modes : normal operations mode, training operations mode, and maintenance operations mode. [SSS032] Figure 3.1.2-1 shows the Mode Diagram for the Operations State of TCS."
R14,"-1 TCS Operations State and Associated Modes Diagram The Operations State modes shall not exist concurrently. [SSS033] The operator shall have the capability to command the system to the Shutdown State from all modes under the Operations State. [SSS035] The TCS hardware and software shall execute periodic Fault Detection/Location (FD/L) while in the Normal Operations Mode and Training Mode, to include a periodic determination of level of interaction. [SSS036]"
R15,In the Normal Operations Mode the TCS shall support the following functions: [SSS037]
R16,"C4I Systems Interface Functions under the Normal Operations Mode shall operate concurrently without precluding or excluding any of the other functions, in accordance with allowable operations as determined by the appropriate levels of interaction. [SSS038] Figure 3.1.2.1-1 shows the functions that exist under the Normal Operations Mode."
R17,In the Training Operations Mode the TCS shall support the following functions: [SSS039]
R18,"Functions under the Training Operations Mode shall operate concurrently without precluding or excluding any of the other functions, in accordance with allowable operations as determined by the appropriate levels of interaction. [SSS040] Figure 3.1.2.2-1 shows the functions that exist under the Training Operations Mode."
R19,"In the Maintenance Operations Mode , if computer workstation Human Computer Interface (HCI) is required, the TCS shall support the following functions: [SSS041]"
R20,"Perform Software Debug and Monitoring Functions, except for software upgrade and software debug, under the Maintenance Operations Mode shall operate concurrently without precluding or excluding any of the other functions in accordance with allowable operations as determined by the appropriate levels of interaction. [SSS042]"
R21,"Upon the selection of a shutdown command the TCS shall enter the Shutdown State, which will cause the TCS to be placed in a condition where power can be removed without impacting operations as well as causing damage to the system, and from which restart of the system can be accomplished normally. [SSS043] Shutdown of the TCS shall include storage as well as deletion, as specified by the operator, of mission data files [SSS044] , shutdown of appropriate functions [SSS045] , shutdown of HCIs [SSS046] , and proper termination of all active interfaces [SSS047]."
R22,There shall be no modes of operation in the shutdown state. [SSS048]
R23,"The TCS shall have the functionality to allow the operator to generate a UAV mission plan. [SSS050] The TCS shall have the functionality to receive and process UAV mission plans from service specific mission planning systems. [SSS053] The TCS Mission plan shall include all necessary information required to be interoperable with the service specific mission planning systems including the Tactical Aircraft Mission Planning System (TAMPS), Aviation Mission Planning System (AMPS), and Air Force Mission Support System (AFMSS). [SSS051]"
R24,"The TCS shall have the functionality to transmit UAV mission plans to service specific mission planning systems. [SSS055] The TCS shall facilitate automated processing of mission plan data received via C4I interfaces in order to extract the appropriate mission planning data. [SSS052] The TCS shall have the functionality to receive and process UAV mission plans from other TCSs. [SSS054] The TCS shall have the functionality to transmit UAV mission plans to other TCSs. [SSS056] A Mission Plan shall include a Flight Route Plan for a selected AV, a Payload Plan for the selected payload, and a Communications Plan. [SSS05 7] A Flight Route Plan is defined in Section 3.2.1.1."
R25,The TCS shall be capable of storing a minimum of 500 mission plans under unique names to allow for later retrieval. [SSS058] The TCS mission planning function shall provide a graphical user interface that gives the operator the ability to define waypoints on a map based display using a pointing device with full keyset redundancy. [SSS059] The TCS shall provide the capability to compute the range and bearing between two geographic pos itions on the map display. [SSS561].
R26,"As an objective, the TCS shall have the capability to import as well as create and modify map display overlays for fire support coordination measures [SSS547], airspace control measures [SSS548], and threat identification measures. [SSS060] Upon completion of radar cross section analysis and characterization by the Government for each UAV type, TCS shall utilize a UAV signature versus threat lookup table (database) that identities the lethality of the threat to the UAV [SSS0 65], and shall provide the capability of displaying aircraft signature versus threat, before and during flight. [SSS066] The TCS shall permit dynamic mission and payload retasking during all phases of operational mission execution. [SSS067] The TCS shall allow the operator to enter as well as review mission plan parameters, including AV flight parameters, payload control parameters, data link control parameters, AV VCR control parameters (if applicable to the selected AV), and AV loiter patterns. [SSS068] The TCS shall provide the capability to enter system configuration characteristics in the mission plan, to include selected AV type, AV identification number, selected payload type, ground control authorization information, and required communications pre-set for data links, tactical communications, and C4I data dissemination. [SSS069]"
R27,"The TCS shall provide the system functionality necessary to upload a flight route plan and payload plan (if applicable) to the AV via the selected system data link as well as direct ground connection. [SSS070] TCS shall provide the capability for the operator to retrieve a mission plan for viewing, modification, as well as deletion at the operator's discretion [SSS071], and allow the operator to save the mission plan under a different name, for future retrieval [SSS072]."
R28,"The TCS shall automatically check the validity of the intended mission plan prior to being uploaded including altitude constraints, payload constraints, data link range constraints, airspace restrictions, fuel limitations, threat constraints, data link terrain masking effects, and Loss of Link (LOL) Plan. [SSS073] The TCS shall notify the operator of all discrepancies found during the mission plan check as well as indicate successful completion of the mission plan check. [SSS074] The TCS shall provide the capability to override validation faults after the fault is acknowledged by the operator. [SSS540] The TCS shall allow the operator to set the LOL delay timer(s) during mission planning. [SSS075] The LOL delay is the time from when the AV detects an unplanned LOL to the time it initiates LOL procedures."
R29,The TCS shall provide the capability to print waypoint data in alphanumeric format. [SSS553]
R30,Ability to designate flight corridors and restricted air space. [SSS087] The TCS shall present to the operator the estimated time of arrival and fuel status at each programmed waypoint of the proposed mission plan. [SSS088]
R31,"The TCS shall provide the capability of displaying overlays each containing 100 simultaneous icons of known fire support coordination zones [SSS549], airspace control zones [SSS550], threat systems [SSS061], and displaying the threat engagement envelopes with associated radar terrain masking for those threats [SSS062]."
R32,"A de-clutter capability shall be provided that allows the operator to display only a selected number of the most significant threats. [SSS063] The TCS shall provide the capability to modify the maximum number of threats displayed, when de-clutter is selected. [SSS064] The TCS shall provide the capability to display waypoint data in alphanumeric format. [SSS552] The TCS shall have the capability to load a map onto the display, to zoom in and out, to scroll, to print, and to clear a map on the map display. [SSS095] The TCS shall provide the operator with a clearly indicated map scale. [SSS535] Upon operator request, the following icons shall be displayed on the map display (when the coordinates reside on the displayed portion of the map)."
R33,"Display icons indicating Flight Plan waypoints. [SSS101] The TCS shall be capable of displaying the positions of the icons in Lat./Lon., Universal Transverse Mercator (UTM), and Military Grid Reference System (MGRS) formats and provide conversion to multiple spheroid scales. [SSS102] The TCS shall provide the capability to graphically display Line of Sight versus terrain profile (DTED). [SSS538]"
R34,"For those payloads identified in Table 3-2, the TCS shall be able to generate payload planning information to be uplinked to the AV separate from a flight route plan. [SSS103] The TCS shall provide the system functionality necessary to generate a payload plan that, as a minimum, shall include the following information: [SSS104]"
R35,"While flying two MAE AVs Beyond Line Of Sight (BLOS), the TCS shall provide full control functionality of each AV. [SSS108] AV specific components used to perform ground based closed loop command and control functions for"
R36,"TCS shall be initialized upon operator selection of a specific AV. [SSS109] The TCS shall transmit command and control information to the AV via the uplink to the AV [SSS110] , and receive AV telemetry and payload information via downlink from the AV [SSS111]."
R37,"The TCS shall be capable of being interoperable with Predator and Outrider UAVs across the 5 levels of UAV interaction. [SSS011] The TCS shall have the capability to control and monitor multiple types of AVs. [SSS112] TCS shall notify the operator when AV performance parameters are out of limits. [SSS113] The TCS shall provide the capability to pass control of an AV to another TCS [SSS114], and receive control of an AV from another TCS [SSS115]."
R38,"The TCS shall allow the operator to control an AV using the LOS as well as SATCOM data links. [SSS124] The TCS shall provide the necessary system capabilities required for AV flight control BLOS via uplink command to two MAE air vehicles. [SSS125] The TCS shall support operation of the AV via all flight modes, to include manual controls. [SSS126102] The TCS shall provide the capability to implement an emergency action plan, if supported by the AV, to control the AV during equipment failures. [SSS539] The TCS shall provide interactive displays necessary to command the flight of an AV. [SSS127]"
R39,"The TCS shall provide the functionality to control, monitor, and display the operation of the Air Data Terminal (ADT). [SSS1 32] This control will include control of the ADT antenna and of the ADT transmitter and receiver."
R40,ADT Antenna Control The TCS shall provide the functionality to control the ADT antenna. [SSS133] This control will including its pointing direction and mode of transmission (e.g. omni and directional).
R41,"ADT Transmitter And Receiver Control The TCS shall provide the functionality to control the power, transmitter signal strength, and frequencies used by ADT for data link communication. [SSS134]"
R42,"As an objective, the TCS shall support an automatic launch and recovery system. [SSS135] As and objective, the TCS shall be interoperable with the Integrity Beacon Landing System (IBLS) [SSS136], and the Common Automated Recovery System (CARS) [SSS137], both used by Outrider."
R43,"As an objective, the TCS shall present sufficient cues to the operator to implement and monitor automatic launch and recovery, and to initiate abort procedures if required. [SSS138]"
R44,"Emergency Recovery The TCS shall allow the operator to initiate the emergency recovery feature of the AV, if the AV has an emergency recovery feature. [SSS139]"
R45,"AV Monitoring Displays The TCS shall display the AV status, to include but not be limited to the AV location and flight and avionics system status. [SSS143] When the data link is interrupted, the TCS shall present the last known AV status values and the time at which the last values were reported. [SSS144] The TCS shall be capable of displaying fuel parameters to the operator to include as a minimum, remaining fuel, flow rate, and bingo fuel. [SSS145] Bingo fuel is the minimum amount of fuel necessary to return to the designated Recovery site with reserve fuel."
R46,The TCS shall be capable of being interoperable with the installed payloads across the 5 levels of UAV interaction. [SSS012] The TCS will have the capability to control and monitor the AV payload(s). [SSS147] The TCS shall have the capability to receive data from and control payloads on an AV that is being controlled from another TCS. [SSS148] The TCS shall provide the necessary system capabilities required for payload control beyond line of sight via uplink command of two air vehicles of the same type using sequential communication techniques. [SSS149] Sequential communication means alternatively communicating with one air vehicle and then the other.
R47,"The TCS shall receive, process, and present payload data to the operator so that the status of the payload can be determined. [SSS151]"
R48,TCS shall provide the capability to monitor payload adherence to the uplinked mission plan. [SSS155]
R49,Payload Monitoring Displays The TCS shall display the current search footprint and the search history of the payload on the map. [SSS157]
R50,The TCS shall have the capability to simultaneously control and monitor a line-of-sight as well as a BLOS data terminal. [SSS158] The TCS shall provide the system functionality necessary to record data obtained via the data link. [SSS527]
R51,"Antenna And Pedestal Control The TCS shall provide automatic pointing commands for directional antennas [SSS167], and shall allow for the manual pointing of directional antennas when desired by the operator [SSS168]."
R52,"The TCS shall be capable of positioning antennas to maintain LOS as well as SATCOM. [SSS170] The TCS shall incorporate antenna pedestal 3 -axis stabilization to compensate for platform (e.g. ship, or HMMWV) motion, if applicable. [SSS557]"
R53,"The TCS shall have the functionality to process payload product data from Electro Optical (EO), Infrared (IR), and Synthetic Aperture Radar (SAR) payloads. [SSS1 82] This functionality, as a minimum, shall include: formatting, storing, internally routing, and recording the video [SSS190] ;"
R54,"The TCS shall display live and recorded imagery data, with as well as without annotation and overlay, upon operator request. [SSS195] Annotation includes operator generated comments as well as graphics which are superimposed on the imagery."
R55,"The TCS shall have the functionality to conduct limited exploitation, to include voice and textual reporting for spot and mission objectives, on the payload product data. [SSS200] Limited exploitation, as a minimum, will include image enhancement and annotation."
R56,The TCS shall support a target location function where the operator can request the current ground location of the payload field-of-view center. [SSS206]
R57,"The TCS shall have the functionality to determine the location of items of interest within the payload field of view, and express these locations in coordinates acceptable for military applications. [SSS207]"
R58,"The TCS shall have the functionality to develop an estimate of the error in computed target coordinates,"
R59,"The TCS shall be capable of entering DII-COE compliant (C4I) networks. [SSS 209] Network interoperability will include, but not be limited to: Advanced Tomahawk Weapons Control Station (ATWCS) Advanced Field Artillery Tactical Data System (AFATDS) All Source Analysis System (ASAS) Automated Target Hand-off System (ATHS) Closed Circuit Television (CCTV) Common Operational Modeling, Planning, and Simulation Strategy (COMPASS) Contingency Airborne Reconnaissance System (CARS) Enhanced Tactical Radar Correlator (ETRAC) Guardrail Common Sensor/Aerial Common Sensor (ACS) Integrated Processing Facility (IPF) Intelligence Analysis System (IAS) Joint Deployable Intelligence Support System (JDISS) Joint Maritime Command Information System (JMCIS) Joint Service Imagery Processing System – Air Force (JSIPS-AF) Joint Service Imagery Processing System - Navy (JSIPS-N) Joint Surveillance Target Attack Radar System (JSTARS) Ground Station Module/Common Ground Station (GSM/CGS) Modernized Imagery Exploitation System (MIES) Service Specific Mission Planners"
R60,"Tactical Aircraft Mission Planning System (TAMPS) Tactical Exploitation Group (TEG) Tactical Exploitation Systeme (TES) Theater Battle Management Core System (TBMCS) TROJAN Special Purpose Integrated Remote Intelligence Terminal (SPIRIT) II The TCS shall have the functionality necessary to manage all aspects of C4I system interfaces to include receiving, processing, and transmitting tactical information to include but not limited to character based text messages, NITF 2.0 imagery files, and RS-170A video. [SSS210] The TCS shall provide the functionality necessary to interface with various C4I systems in order to satisfy the operational requirements for: [SSS211]"
R61,"The TCS shall have the capability to interoperate with a data server to receive, extract, and push intelligence data. [SSS212] The TCS shall have the capability to use cable to deliver live video imagery in multiple locations. [SSS213] The TCS shall have the ability to interface with Service specific ground and airborne Ultra High Frequency (UHF), Very High Frequency (VHF), UHF/VHF, and High Frequency (HF) radios for digital message transmission while using the same radios for record traffic . [SSS214] Record traffic is defined as operational/voice communications."
R62,"Where applicable, TCS data burst messages shall comply with Variable Message Formats. [SSS215] The TCS shall export and disseminate formatted NITF 2.0 files [SSS558], digital imagery (if applicable) [SSS218], RS-170A video (with as well as without overlay) [SSS219], and tactical communication messages [SSS220]."
R63,"The TCS shall, as a minimum, have the functionality to provide the following control capabilities:"
R64,"The TCS shall, as a minimum, have the functionality to provide the following digital data processing capabilities:"
R65,"The TCS shall, as a minimum, have the functionality to provide the following analog data processing capabilities:"
R66,TCS shall be capable of executing AV maintenance software and displaying appropriate status results. [SSS245]
R67,TCS shall be capable of executing payload maintenance software and displaying appropriate status results. [SSS246]
R68,TCS shall be capable of executing data terminal maintenance software and displaying appropriate status results. [SSS247]
R69,TCS shall be capable of executing workstation and peripheral equipment maintenance software and displaying appropriate status results. [SSS248]
R70,"Fault Detection/Location (FD/L) to the Line Replaceable Unit (LRU) level shall be provided to indicate the readiness status of TCS, if inherent to the COTS hardware and software utilized. [SSS249] As a minimum, TCS shall provide Startup FD/L for the operator workstation. [SSS250] The TCS shall allow the operator to control and monitor the AV's FD/L, if required and provided by the Original Equipment Manufacturer (OEM) [SSS251];"
R71,"The TCS shall allow authorized operators to install software upgrades via CD-ROM as well as other media storage devices. [SSS276] The TCS shall restrict operator access to this capability via password protection. [SSS277] The TCS shall provide the capability for Authorized Operators to modify all TCS programmable parameters. [SSS278] As a minimum, the TCS shall restrict Operator access to this capability via password protection. [SSS279] The TCS shall be capable of importing National Imagery Mapping Agency (NIMA) Digital Terrain Elevation Data (DTED), Digital Feature Analysis Data (DFAD), Arc Digitized Raster Graphic and"
R72,"scanned hard copy maps, via compact disk. [SSS280] The TCS shall be capable of importing map information via operator procedure [SSS555] and shall be capable of incorporating vector format and Compressed ADRG (CADRG) maps. [SSS281]"
R73,"The TCS shall allow an Authorized Operator to execute a software debug capability and view the resulting debug diagnostic information. [SSS282] As a minimum, the TCS will restrict Operator access to this capability via password protection. [SSS283]"
R74,"The TCS shall provide the capability to interface with equipment necessary to provide connectivity with standard DoD tactical (VHF, UHF, and UHF/VHF) radios, Mobile Subscriber Equipment, and military and commercial satellite communications equipment. [SSS285] The TCS shall interface with external mission tasking systems (e.g., receive tasking orders, coordinate mission certification). [SSS286] The TCS shall provide the system functionality necessary to interface with the data terminal. [SSS287] The TCS shall provide the system functionality to allow interfacing with external systems via a local area network. [SSS288] The TCS shall provide external interfaces to launch and recovery systems. [SSS289]"
R75,"The TCS shall provide the necessary hardware and software functionality to allow the TCS to integrate with ASAS. [SSS291] The interface requirements and specifications will be defined in the TCS to ASAS IDD, TCS 201."
R76,"The TCS shall provide the necessary hardware and software functionality to allow the TCS to integrate with JSTARS GSM. [SSS292] The interface requirements and specifications will be defined in the TCS to JSTARS IDD, TCS 209."
R77,"The TCS shall provide the necessary hardware and software functionality to allow the TCS to integrate with JMCIS. [SSS293] The interface requirements and specifications will be defined in the TCS to JMCIS IDD, TCS 214."
R78,"The TCS shall provide the necessary hardware and software functionality to allow the TCS to integrate with JSIPS-N. [SSS2 94] The interface requirements and specifications will be defined in the TCS to JSIPS-N IDD, TCS 210."
R79,"The TCS shall provide the necessary hardware and software functionality to allow the TCS to integrate with AFATDS. [SSS2 95] The interface requirements and specifications will be defined in the TCS to AFTADS IDD, TCS 200."
R80,"The TCS shall provide the necessary hardware and software functionality to allow the TCS to integrate with CARS. [SSS297] The interface requirements and specifications will be defined in the TCS to CARS IDD, TCS 217."
R81,"The TCS shall provide the necessary hardware and software functionality to allow the TCS to integrate with CCTV. [SSS298] The interface requirements and specifications will be defined in the TCS to CCTV IDD, TCS 205."
R82,"TCS to Army Mission Planning System The TCS shall provide the necessary hardware and software functionality to allow the TCS to integrate with AMPS.[SSS563] The interface requirements and specifications will be defined in the TCS to AMPS IDD, TCS 235."
R83,"TCS to Air Force Mission Support System The TCS shall provide the necessary hardware and software functionality to allow the TCS to integrate with AFMSS.[SSS564] The interface requirements and specifications will be defined in the TCS to AFMSS IDD, TCS 220."
R84,"TCS to Tactical Aircraft Mission Planning System The TCS shall provide the necessary hardware and software functionality to allow the TCS to integrate with TAMPS.[SSS565] The interface requirements and specifications will be defined in the TCS to TAMPS IDD, TCS 219"
R85,"TCS to GCS/ACS IPF The TCS shall provide the necessary hardware and software functionality to allow the TCS to integrate with GCS/ACS IPF. [SSS300] The interface requirements and specifications will be defined in the TCS to GCS/ACS IPF IDD, TCS 215."
R86,"TCS to JDISS The TCS shall provide the necessary hardware and software functionality to allow the TCS to integrate with JDISS. [SSS301] The interface requirements and specifications will be defined in the TCS to JDISS IDD, TCS 212."
R87,"The TCS shall provide the necessary hardware and software functionality to allow the TCS to integrate with TES. [SSS 302] The interface requirements and specifications will be defined in the TCS to TES IDD, TCS 236."
R88,"The TCS shall provide the necessary hardware and software functionality to allow the TCS to integrate with IAS. [SSS303] The interface requirements and specifications will be defined in the TCS to IAS IDD, TCS 206."
R89,"The TCS shall provide the necessary hardware and software functionality to allow the TCS to integrate with ATHS. [SSS 304] The interface requirements and specifications will be defined in the TCS ATHS IDD, TCS 208."
R90,"The TCS shall provide the necessary hardware and software functionality to allow the TCS to integrate with ATWCS. [SSS 305] The interface requirements and specifications will be defined in TCS ATWCS IDD, TCS203"
R91,"The TCS shall provide the necessary hardware and software functionality to allow the TCS to integrate with Trojan Spirit II. [SSS306] The interface requirements and specifications will be defined in the TCS to TROJAN SPIRIT II IDD, TCS 213."
R92,"The TCS shall provide the necessary hardware and software functionality to allow the TCS to integrate with TBMCS. [SSS307] The interface requirements and specifications will be defined in TCS to TBMCS IDD, TCS 221."
R93,"The TCS shall provide the necessary hardware and software functionality to allow the TCS to integrate with MIES. [SSS308] The interface requirements and specifications will be defined in the TCS to MIES IDD, TCS 216."
R94,"The TCS shall provide the necessary hardware and software functionality to allow the TCS to integrate with ETRAC. [SSS309] The interface requirements and specifications will be defined in the TCS ETRAC IDD, TCS 218."
R95,The TCS shall provide the necessary hardware and software functionality to allow the TCS to integrate with COMPASS . [SSS 310] The interface requirements and specifications will be defined in TCS to
R96,"The TCS shall provide the necessary hardware and software functionality to allow the TCS to integrate with TEG. [SSS311] The interface requirements and specifications will be defined in TCS to TEG IDD, TCS 207."
R97,"TCS Data Terminal Figure 3.3.1.2-1 TCS to DT Control Interface Diagram The TCS shall provide interfaces with the respective UAV program-provided data links for command and control and UAV data.. [SSS312] The TCS shall have provisions for simultaneously supporting both of the following external interfaces: LOS data link, SATCOM data link. [SSS313] Details of the TCS to DT interface will be defined in the TCS to Data Terminal IDD , TCS 242."
R98,"TCS Printer Figure 3.3.1.3-1 TCS to Printer Interface Diagram The TCS shall provide an interface between the TCS and an external hard copy printer. [SSS314] The TCS shall as a minimum, allow Operator(s) to print freeze-frame video, C4I Messages, Mission Plans, FD/L information, and current map display. [SSS315] The TCS shall have the functionality to output digital message data and imagery to a hard copy printer."
R99,"TCS External Data Storage Figure 3.3.1.4-1 TCS to External Data Storage System Interface Diagram The TCS shall provide an interface between the TCS and external data storage systems. [SSS317] The TCS shall have the functionality to transfer digital data as well as digital imagery to and from external data storage systems. [SSS318] Details of the Tactical Control System (TCS) to external data storage interface will be defined in the TCS to External Data Storage IDD, TCS256."
R100,"TCS External Power Figure 3.3.1.5-1TCS to External Power Interface Diagram The TCS shall have an interface between the TCS and DoD standard power supply equipment. [SSS319] The TCS shall have the functionality to connect to the power supply equipment provided in the TCS operating environment. [SSS320] Details of the Tactical Control System (TCS) to external power interface will be defined in the TCS to External Power IDD, TCS 257."
R101,"TCS Geo- Positional Figure 3.3.1.6-1 TCS to Geopositional Data Interface Diagram The TCS shall have an interface to a source of current navigation information. [SSS321] As a minimum this information will include the location of all data terminals, launch and recovery sites, and the controlling TCS."
R102,"The TCS shall provide an internal interface for establishing communications with the Real Time Processor (RTP) within TCS. [SSS326] This interface shall allow the information from the data server to be made available to other components of the TCS. [SSS327] The RTP interface shall support distributed processing capability. [SSS328] The RTP interface requirements and specifications will be defined in the Data Server IDD, TCS 238."
R103,Remotely hosted applications shall communicate in a client server relationship via the defined data server interface. [SSS329]
R104,"The TCS shall provide an internal interface for the SAR Processor in order to disseminate SAR information (to include imagery and telemetry) to other components of the TCS. [SSS330] The SAR Processor interface requirements and specifications will be defined in the TCS to SAR Processor IDD, TCS 240."
R105,The TCS shall incorporate an intercom system that provides verbal communicate in the situation where
R106,"there are multiple operators. [SSS331] The intercom system shall be compatible with service specific voice communication systems. [SSS332] The intercom interface requirements and specifications will be defined in the TCS to Intercom IDD, TCS"
R107,"The TCS shall allow the Operator(s) to fully control the VCR via the TCS Display input device(s). [SSS334] The TCS shall be able to route VCR recorded payload video to the C4I Interfaces. [SSS335] An RS-170A video interface shall be provided for the system to output and input analog imagery and overlays to and from a Video Cassette Recorder (VCR) for recording and playback. [SSS336] Details of the VCR interface will be defined in the TCS to VCR IDD, TCS 246."
R108,"The TCS shall have ports for outputting data and imagery to an internal hard copy printer. [SSS337] The TCS shall, as a minimum, allow the Operator(s) to print freeze-frame video, C4I Messages, Mission Plans, FD/L information, and current map display to an internal printer. [SSS338] Details of the printer interface will be defined in the TCS to Printer IDD, TCS 255."
R109,The TCS shall be able to access data storage devices. [SSS339] The TCS shall have the functionality to transfer digital data as well as digital imagery to and from data storage devices. [SSS340]
R110,The TCS shall provide a CD drive for the retrieval of TCS data. [SSS341]
R111,The TCS shall provide a tape drive for storage and retrieval of TCS data. [SSS342]
R112,"The TCS shall provide a RAID for storage and retrieval of TCS data, if required. [SSS343]"
R113,The TCS shall have an interface to an uninterruptible power supply. [SSS344]
R114,The TCS design shall consider all safety requirements affecting design and performance except nuclear safety. [SSS345] The TCS safety requirements are intended to eliminate as well as control potential hazards to equipment and personnel involved in the TCS.
R115,"The TCS shall comply with para 5.3 of MIL-STD 882C, “System Safety Program Requirements”, dated 19 January 1993 w/ Notice 1 dated 19 January 1996. [SSS346]"
R116,"The TCS shall provide sufficient cues to allow the operator to safely take-off, land and navigate under Instrument Flight Rules. [SSS347] The TCS shall provide adequate capability to allow the operator to operate each UAV within its certified operational flight envelope. [SSS348] Appropriate cautions and warnings shall be provided to the operator if the air vehicle deviates into unsafe flight regime. [SSS349] For mission planning, the TCS shall provide terrain avoidance warning and minimum reception altitude calculations for line of sight flights. [SSS350] During mission execution, the TCS shall provide the operator a cautions and warnings when the UAV system has identified a malfunction. [SSS351] The TCS shall provide the required information to allow the operator to maintain safe separation from other aircraft and a safe altitude in civilian airspace per Federal Aviation Administration (FAA) rules. [SSS352]"
R117,"The TCS shall be designed such that no single hardware failure results in an unsafe command to be transmitted to the air vehicle. [SSS353] The TCS shall be designed such that no single software error results in an unsafe command to be transmitted to the air vehicle. [SSS556] The TCS shall be capable of restoring power in sufficient time to avoid loss of air vehicle control during power outages. [SSS354] The TCS shall monitor the uplink and downlink to each UAV under its control. [SSS355] Upon detection of loss of link, the TCS shall attempt to reestablish communications with the air vehicle. [SSS356]"
R118,"The TCS design shall provide protection against injury to TCS operators and maintenance personnel. [SSS357] The system design shall use MIL-STD-2036, Section 5.1.3.11 as a guide, with regard to personnel hazards, and MIL-STD-1472D, Section 5.13, as a guide for safety from a human engineering viewpoint. [SSS358]"
R119,"System safety and health hazards, if any, shall be identified and evaluated during Phase I of the TCS development. [SSS359] Risk levels and a program to manage the probability and severity of hazards shall also be developed. [SSS360]"
R120,"Using risk assessment procedure s defined in DoD 5200.28(D), a risk index and the minimum security requirements for TCS shall be determined. [SSS363] The inputs to this procedure are the clearance or authorization of the TCS users and the sensitivities of the data that the TCS processes, stores or transfers."
R121,The TCS data sensitivities shall be determined by the data sensitivities of the systems with which it
R122,"The TCS shall be designed to protect its communication and data links against enemy Electronic Warfare (EW) threats, physical anti-radiation weaponry and physical destruction. [SSS366] All hardware, software, documentation, and sensitive information processed by TCS shall be physically protected, minimally at the level determined by the risk index computed in Section 3.8.1, to prevent intentional as well as unintentional disclosure, destruction, and modification. [SSS367] The TCS shall be approved for operation at the same level as the systems with which it interfaces. [SSS368]"
R123,The TCS shall be capable of operation within environments specified in the System/Subsystem Design Document for the land-based shelter and shipboard environments. [SSS372] The TCS hardware shall be mounted as well as ruggedized to withstand inter and intra theater movement. [SSS373]
R124,"The hardware of the TCS shall be capable of being scaled as well as being modular to meet the varying needs of the Services. [SSS374] The TCS hardware shall allow for long range communications from one TCS to another [SSS3 75], data storage expansion [SSS376], access to other computers to share in processing capability [SSS3 77], and multiple external peripherals [SSS378]."
R125,"The TCS hardware shall support the data rate characteristics of the AV, data link and payload to ensure interoperability. [SSS379] For each OUTRIDER system, the TCS shall provide full independent computer redundancy. [SSS380] The TCS shall conform with the National Institute for Standard Technology (NIST) Federal Information Processing Standard (FIPS) Publication 151-2 (POSIX.1). [SSS381]"
R126,The TCS shall have sufficient throughput to support the processing requirements of the selected data link. [SSS382]
R127,"To meet growth requirements, the TCS shall be capable of adding additional storage without major hardware reconfiguration. [SSS383] The TCS computer system shall contain a CD-ROM drive that is compatible with National Imagery and Mapping Agency (NIMA), CD-ROM Digital Terrain Elevation Data (DTED), Digital Feature Analysis Data (DFAD), and embedded training media. [SSS384]"
R128,The TCS shall have an uninterrupted power supply for critical phases (landing and takeoff as a minimum) of mission execution. [SSS388]
R129,"The TCS throughput shall not exceed 50% of the throughput capability delivered over any 10 second period [SSS389], and as an objective throughput shall not exceed 25% of throughput capability delivered over any 10 second period. [SSS390]."
R130,The TCS shall be capable of providing a 50% spare memory storage capacity over delivered storage used [SSS391].
R131,As an objective a 75% spare memory storage capacity over storage used shall be provided . [SSS392]
R132,"The TCS shall have software based on Defense Information Infrastructure/Common Operating Environment per Assistant Secretary of Defense for Command, Control, Communications, and Intelligence (ASD(C3I)) Joint Technical Architecture (JTA). [SSS393] The TCS shall comply with the Assistant Secretary of Defense (C3I) Joint Technical Architecture (JTA)."
R133,"This includes, but is not limited to, the language, the computer, database, architecture, and interoperability. [SSS394] The TCS shall provide an open software architecture to be capable of supporting additional CSCIs, CSCs, and CSUs for future AVs, future payloads, and payload capabilities (e.g. auto-search and automatic target tracking), and future Tactical UAVs. [SSS395] The TCS core software shall be generically written to provide level one through level five interaction for both Outrider and Predator UAVs and establish the architecture for future tactical UAVs. [SSS396] The TCS software shall provide the UAV operator with the necessary tools for computer related communications, mission tasking, mission planning, mission execution, data receipt, data processing, and data dissemination. [SSS397] The TCS software shall be capable of being hosted on a variety of computer operating systems that are organic to the various Services. [SSS398] TCS software shall provide a windows based graphic operator interface. [SSS399] The TCS software shall be non-proprietary and have unlimited data rights. [SSS400] The TCS’s operating system and executable software shall be re-programmable without hardware disassembly. [SSS401]"
R134,Training software shall be alterable without affecting the configuration of the operational software. [SSS402] Training software is the software that provides the computer based training functionality for the system operator.
R135,The TCS software shall restrict the operator(s) from exercising levels of interaction not achievable by the system. [SSS403]
R136,"The TCS software shall provide a high resolution, computer generated, graphical user interface that enables the UAV operator that is trained on one system to control different types of UAVs as well as UAV payloads with minimal additional training. [SSS404] Each control console shall have, at a minimum, the capability to di splay the following four display windows: (1) display to provide aircraft position, TCS position, flight path, and a waypoint graphics in the foreground which are positioned in relation to a map displayed in the background, (2) display to provide aircraft flight data or payload data in the foreground, and downlinked video in the background. (3)A display to provide graphic presentations of downlinked telemetry data, and (4) display to present the interface menus for workstation software. [SSS405]"
R137,"The DII/COE UCP/CMP shall provide a consistent and common set of interfaces for United States Message Text Format (USMTF), Army Tactical Command Control System (ATCSS), and Field Artillery Tactical Data Systems (FATDS) message sets. [SSS406] The TACCOM segment shall provide external interfaces for the communications media as indicated in Table 3.10.4-1: [SSS407] Table 3.10.4-1 Communication Media and Associated Interface Document Communication Media Interface Document RS-232 IEEE RS-232 RS-422 EIA RS-422 RS-170A ISO-XXX Wire line, 2-wire MIL-C-49104 Wire line, 4-wire MIL-C-55425 MSE (DNVT, DSVT) ICD MSE-001"
R138,"Communication Media Interface Document MSE TPN MSE System Specification, Appendix SR45 SINCGARS ACCS-A3-409-001 ANG/GYC-7 ICD-016, ICD-017, TIDP for MTS IEEE 802.3/LAN ISO/IS 8802/2, ISO/IS 8802/3 The TACCOM segment shall provide API’s for the transmission of imagery in National Imagery Transmission Formats 1.1a and 2.0 as per MILSTD-2500 and to be compatible with the Common Imagery Ground/Surface Station (CGIS) Guidelines. [SSS408]"
R139,"The TCS data latency shall not be greater than that present in the Predator ground control station or Outrider ground control station, whichever is smaller. [SSS409]"
R140,The TCS reliability will be considered in every phase of the design and development process and shall achieve a system reliability (Mean Time Between Failures MTBF) equal to or greater than that which is specified in the Predator and Outrider ORDs. [SSS410]
R141,The TCS maintainability will be considered in every phase of the design and development process and shall achieve a system maintainability (Mean Time To Repair MTTR) equal to or greater than that which is specified in the Predator and Outrider ORDs. [SSS411] The Design features shall be included to: [SSS412]
R142,"The total, fully useable, addressable, physically present program instruction memory and data storage memory for each processor shall have at least 50% unused memory during the Normal Operations Mode over any 10 second period. [SSS414] The processing speed of each processor shall be such that at least 50% of the throughput of each processor remains unused over all 10 second periods and at least 20% of the throughput of each processor remains unused over one second periods regardless of the system function performed. [SSS415] The I/O channel reserve capability for each processor shall have at least a 50% reserve, addressable and useable, I/O channel capacity over any 10 second period. [SSS416] TCS software flexibility and expandability shall be provided through use of the DII COE and through use of standardized software development practices. [SSS417]"
R143,Hardware and software shall be selected for use in the TCS with the goal of providing ease of future changes to the TCS elements. [SSS418] The object of portability for the TCS is to select or develop hardware which will readily host emerging software packages and software which will be as independent of host hardware as possible.
R144,The selection of operating system and programming language for use in the TCS shall be made according to standards for development of an open architecture. [SSS420]
R145,Testability shall be considered in the design and development of the TCS. [SSS421] The system shall be functionally and physically partitioned to allow for efficient fault isolation. [SSS422] Control over internal items and devices shall be provided for detecting and isolating internal faults. [SSS423] Test points and data paths shall be defined to support efficient fault isolation. [SSS424]
R146,"The TCS shall provide the common software architecture for TCS interaction with Predator, Outrider, and future Tactical UAVs. [SSS425] In the selection of hardware design solutions to satisfy the requirements herein, Non-Developmental Items (NDI) (off-the-shelf equipment previously approved for service use) shall be chosen to the maximum practicable extent. [SSS426] If NDI that provides the desired functions can not be identified, then Commercial-Off-The-Shelf (COTS) hardware may be used."
R147,"During Phase 1, design and construction will be accomplished in accordance with commercial best practices unless otherwise required to meet a specific service operational environmental factor."
R148,"System documentation shall be developed as part of the TCS program and will follow MIL-STD-498 for format. [SSS427] The documentation developed shall contain sufficient level of detail to identify the functional, operational and design requirements of the TCS. [SSS428]"
R149,The documentation shall contain sufficient technical detail to define the hardware and software design implemented to satisfy the system requirements. [SSS429] The TCS documentation shall include: [SSS430]
R150,"TCS material factors shall be governed by the NDI, GFE and COTS specifications developed by the equipment manufacturers, where applicable. [SSS431]"
R151,"During Phase 1, control techniques to minimize electromagnetic interference, emanation, and susceptibility shall be used in the design of TCS equipment. [SSS432] This control will be inherent in the design of the TCS and the electrical and electronic equipment components and assemblies thereof."
R152,There shall be neither unacceptable response nor malfunction of any TCS and associated equipment due to EMI produced by any as well as all of the TCS and equipment associated with the TCS. [SSS434] The TCS shall be compatible with the external electromagnetic environment that is typical of the service specific environment in the TCS will be operated. [SSS 435] The specific electromagnetic environment values will be determined during Phase I of the TCS development.
R153,"The TCS design shall ensure that personnel, fuel, and ordinance are not exposed to electromagnetic radiation as a result of operating the TCS. [SSS 436] The specific radiation hazard (RADHAZ) and HERO values will be determined during Phase I of the TCS development."
R154,Newly designed software shall be developed in accordance with a tailored MIL-STD-498. [SSS437] Software written for other systems shall be used in TCS where it is determined that the existing software is
R155,suitable for use within the TCS software. [SSS438] A modular architecture shall be used by the TCS software in order to support future interoperability with multiple types of UAVs and payloads while maintaining consistent displays and user interfaces. [SSS439] Software components satisfying common planning and control functions will allow for vehicle specific components to be integrated in the future.
R156,"TCS hardware flexibility and expansion shall be provided through use of GFE, NDI and COTS hardware designed to be upgraded and expanded. [SSS440]"
R157,"After emplacement at the operational site, the TCS shall be capable of planning and launching a mission within 1 hour of tasking. [SSS441] Required activities include 1) mission planning of a minimum 1 waypoint mission, 2) preparing 2 AVs for flight, 3) data terminal set-up, 4) safety equipment emplaced, 5) and a single AV launched."
R158,The TCS shall be capable of operating continuously in functional Operation Mode for a minimum of 72 hours. [SSS442]
R159,The TCS shall have ergonomically designed operator controls and displays for the 5th percentile female to
R160,"th percentile male operator. [SSS443] The controls shall allow the air vehicle and payload operators to perform mission control, mission monitoring, and mission updates and modifications while wearing cold weather clothing and in a Mission Oriented Protective Posture. [SSS444] The TCS shall provide the operator a caution and warning diagnostic when the TCS system has identified a malfunction. [SSS445] The TCS shall have monitor(s) that allow reading of displays under direct sunlight and low light level environments. [SSS446] The TCS HCI shall be a Graphical User Interface (GUI) based on X-windows and Motif. [SSS447] When performing a given task during mission execution, the operator shall be given appropriate warning messages from other concurrently-executing subsystem tasks. [SSS448]"
R161,TCS Warning messages shall be color coded and flashed based on mission criticality.
R162,"The color codes and flash frequencies will follow MIL-STD 1472 guidelines. [SSS449] The TCS operator shall be required to enter an acknowledgment prior to disabling the display of critical warning flags for any AV, Payload, ADT, GDT, and TCS faults. [SSS450] A combination of visual and auditory outputs will be provided to alert the TCS operator to situations which may require operator response."
R163,"Visual alerts to the TCS operator shall be in the form of a displayed message box that has a display priority greater than other existing windows to ensure that it is viewable immediately by the operator. [SSS452] The position of the displayed message window shall be easily adjustable by the operator to ensure that important mission data is not obscured. [SSS453] In addition to displayed alert messages to the TCS operator, auditory alerts to include tones shall also be provided. [SSS454] The volume of these auditory tones shall be adjustable by the operator via keyboard and trackball input to at least 20dB above the speech interference level at the operator’s ear. [SSS455] All TCS warning messages and HCI actions shall be archived for later review. [SSS456] All TCS operator inputs shall be error checked such that any erroneous operator entry will not cause current processing to terminate. [SSS457] The HCI shall prompt the operator for a valid input. [SSS458] Display jitter and flicker shall not be perceptible by the operator. [SSS459] The operational tasks to be performed concurrently by the operator during normal operation will be determined by appropriate task analysis and function allocation."
R164,"The TCS shall facilitate Human-Computer Interfaces (HCIs) that support operation of all system modes, functions, and capabilities. [SSS461] The Human Computer Interface (HCI) shall be designed and implemented in accordance with the TCS HCI Specification, TCS 108.[SSS462] The HCI shall provide redundancy in all operations, so that the loss of any one HCI input device does not prohibit operation of any TCS function. [SSS463] The TCS shall provide the functionality to display all HCI elements on any available monitor on the TCS workstation. [SSS464] The TCS shall be capable of displaying a window within a window format to include, as a minimum, displaying a video window overlaid on a map screen as well as a map screen overla id on a video screen. [SSS465] The TCS shall provide full complementary control operations from the keyset as well as the X/Y control device (e.g., trackball, mouse, joystick). [SSS466] The TCS shall provide access to the DII Style Manager so that pointing device characteristics can be"
R165,"modified. [SSS467] The shall provide the functionality to have a maximum delay time of 1 second from operator command to system acknowledgement and response.[SSS 559] The TCS shall p rovide a capability for porting an off-the-shelf, complex control joystick with multiple toggle and multi-position switches as part of the TCS hardware suite. [SSS468] The TCS shall use graphical representation s to convey information, such as system status, C4I links, and AV-GDT links. [SSS469] The TCS shall provide for multi-level information display tailoring by the operator. [SSS470] The TCS shall provide automated TCS system information, control options, and logical & simple operator guidance and support for immediate and adaptive responding to crisis situations. [SSS471] The TCS shall provide maximum automated system software support to system status monitoring and alerting of the TCS operator when a preset system parameter goes under as well as over a set threshold. [SSS472] The TCS shall provide the necessary processing, display, and control capabilities to ensure dynamic situational awareness input to the TCS operator. [SSS473] The TCS shall minimize alphanumeric data display in favor of graphic, pictorial information display [SSS474] The TCS HCI shall provide unambiguous AV and payload control and status feedback indicators to ensure safe, efficient operations of two AVs and their payloads by a single TCS station. [SSS475] The TCS shall provide for a specific icon shape on a constant contrast background, as well as other visual information coding mechanisms, to cue the TCS operator regarding which UAVs are under his or her primary control. [SSS476] The TCS HCI shall provide the capability to select and amplify an object and point on a map as well as payload screen. [SSS477] The TCS HCI shall provide coarse and fine payload control capabilities directly on the payload screen. [SSS478] The TCS HCI shall display the SAR imaging swath on the map display. [SSS479] The TCS HCI shall provide the on-screen capability to select and efficiently move as well as reorient a previously defined SAR imaging swath. [SSS480] The TCS HCI shall provide the capability to lock onto and hold a coordinate point on the payload imagery window. [SSS481] The TCS HCI shall provide the capability to display operator definable “Lock Out” zones around waypoints, Launch and Recovery Point ( LRP), as well as any selected point on the AV flight path."
R166,"[SSS482] The TCS HCI shall provide for a rapid means to cancel aural warnings. [SSS484] The TCS HCI shall provide for separation, grouping, and visual coding of multiple categories of alerts, to include Warnings, Cautions, and Advisories. [SSS485] The TCS HCI shall provide for visual Warnings, Cautions, and Advisories to be displayed at or near the center of the field of view, i.e., within a 30o cone, of all monitors in a TCS system. [SSS486] For AV safety as well as mission-critical Warnings, the TCS HCI shall provide a default selection as well as an override option, along with a selection of adaptive responses, and the minimum information necessary to assist the operator in responding quickly and adaptively to the emergency. [SSS487] The TCS HCI shall provide for on-screen information to include, as a minimum, overlays, headers, cursors, alphanumeric annotation, waypoints, crosshairs, designed to be visible against the complete spectrum of map and payload video backgrounds. [SSS488] The TCS HCI shall provide continuously-available, on-screen control functions for time and mission- critical operations, to include as a minimum print, freeze, declassification, mark VCR, declutter, cease RF transmission. [SSS489] The TCS HCI shall provide for the capability to automatically designate target locations from the payload screen onto the map screen. [SSS490]"
R167,"Formal training programs shall not be required for TCS Phase 1, Program definition and Risk Reduction."
R168,"TCS training and training support shall include the processes, procedures, techniques, training devices and equipment to train civilian, active duty and reserve military personnel to operate and support the TCS system. [SSS491] This will include: individual and crew training;"
R169,"The TCS system shall provide, for the operator and maintainer, an embedded or add-on interactive training courseware with self-paced instruction, duplicating UAV flight performance characteristics, capabilities, and limitations. [SSS492 ] The OUTRIDER TCS system shall be compatible with the U.S."
R170,"The TCS shall provide the functional capability to train in the operation of the TCS system, performance of TCS UAV functions, and on line system troubleshooting. [SSS496] TCS system training shall include system architecture, component familiarization, and system startup, initialization, system recovery and shutdown. [SSS497] The TCS system shall not support formal Training operations concurrent with the execution of an actual mission. [SSS499] The capability for the conduct of actual communications processing concurrently with Training operations shall be provided if and only if messages are identified as training messages. [SSS500] Training shall be adequate to maintain operator and maintainer skills and proficiencies. [SSS501] TCS shall record operator and maintainer actions for self assessment and performance enhancement. [SSS502] Operator and maintainer performance shall be measurable using parameters retrievable from the TCS to determine proficiency levels. [SSS503]"
R171,"Support for the TCS shall be in accordance with the Integrated Logistical Support Plan (ILSP) and the maintenance concepts and policies of the individual Services. [SSS504] All TCS Operator Manuals and Technical Manuals shall be verified and validated prior to initial operational test. [SSS529] TCS transport and storage containers shall be reusable and enable the operators to set-up equipment within the established timelines in their ORDs. [SSS505] The TCS shall adhere to DoD regulations and policy governing military standards for logistics, Petroleum, Oil and Lubricants (POL), Test, Measurement, and Diagnostic Equipment (TMDE), tools, and other support items. [SSS506] Standard tools, TMDE, repair parts, and lubricants shall be used to maintain the TCS."
R172,Exceptions shall be considered on a case by case basis. [SSS507]
R173,"Each Service shall support the TCS as part of the UAV system which is organic to them. [SSS508] The TCS shall be maintained in accordance with the UAV ORD for that Service and the level of repair analysis for the hardware chosen. [SSS509] A TCS support and fielding package shall be developed and available for operational testing. [SSS510] The TCS shall be maintained in accordance with Services’ approved UAV maintenance concepts and procedures. [SSS511] To the maximum extent possible, general purpose test equipment (GPTE) and common tools resident in each service shall be used to perform all corrective and preventative maintenance at all authorized levels of maintenance. [SSS512] Tools and test equipment required to maintain the TCS but not resident in each service inventory shall be identified as special tools and special purpose test equipment (SPTE), respectively, and kept to a minimum. [SSS513] The environmental support required by the TCS shall be at least the same as that required for the respective UAV System. [SSS514] Basing for the system will follow the plan for UAV units and service command echelon requirements as delineated in the ORD. [SSS515]"
R174,"The TCS shall meet the deployment criteria for the organic unit to which it is assigned. [SSS516] The TCS shall be transported into the theater as an organic component of the operational UAV system being deployed. [SSS517] TCS transportation in theater for Army and Marine Corps systems shall be by ground, air, as well as rail transportable. [SSS518] For the Air Force, TCS transportation to the theater shall be by air. [SSS519] Within the theater, the USAF GCS shall be capable of being moved around an established air field. [SSS520]"
R175,The TCS shall be ground transportable. [SSS521]
R176,The TCS shall be air transportable by helicopter (CH-47/CH-53D) and C-130 drive-on/drive-off capable. [SSS522]
R177,The TCS shall be sea transportable. [SSS523]
R178,The TCS shall be rail transportable. [SSS524]
R179,"The TCS shall be configurable for sea, ground, as well as air transport in 2 hours or less. [SSS525] The TCS system shall be capable of being de-configured from sea, ground, as well as air transport and ground-mobile in 2 hours or less. [SSS526]"
R180,TCS ORD – The ORD shall have precedence over any other TCS documentation.
R181,TCS SSS – This SSS shall have precedence over other requirements documents except item (1.) above.
R182,Other TCS requirement documents – Other requirement documents shall have precedence over any referenced documents.
R183,Referenced documents – Documents referenced herein and in other TCS requirement documents shall have precedence over all applicable subsidiary documents referenced therein.
R184,"In the event of conflicting requirements within a TCS requirement document, the requirements shall be traced to the next higher precedence requirement document for clarification."
R185,"The Quality Assurance (QA) Program is an integral part of the development process for the TCS , whereby all phases of the development of a system must be inspected and tested, as these phases occur."
R186,APPENDIX A: Requirements Traceability Matrix TCS ORD TO TCS SSS REQUIREMENT CROSS-REFERENCE MATRIX ORD NUMBER ORD REQUIREMENT SSS REQIREMENT AND NUMBER ORD001 The TCS shall have the capability to be configured and down-scaled to meet the user’s deployability or operator limitations.
R187,"SSS440 TCS hardware flexibility and expansion shall be provided through use of GFE, NDI and COTS hardware designed to be upgraded and expanded."
R188,"ORD002 The TCS software shall provide a high resolution, computer generated, graphics user interface that enables the UAV operator that is trained on one system to control different types of UAVs or UAV payloads with minimal additional training."
R189,"SSS404 The TCS software shall provide a high resolution, computer generated, graphical user interface that enables the UAV operator that is trained on one system to control different types of UAVs or UAV payloads with minimal additional training."
R190,ORD003 The TCS software shall have an open architecture and be capable of being hosted on computers that are typically supported by the using Service.
R191,SSS398 The TCS software shall be capable of being hosted on a variety of computer operating systems that are organic to the various Services.
R192,"SSS419 The selection of processors, interface cards for communication interfaces, disk drives, video, networking equipment, and all other hardware for use in the TCS shall be made according to standards for production of an open architecture."
R193,SSS420 The selection of operating system and programming language for use in the TCS shall be made according to standards for development of an open architecture.
R194,SSS438 Software written for other systems shall be used in TCS where it is determined that the existing software is suitable for use within the TCS software.
R195,ORD004 The TCS software shall be Defense Information Infrastructure/Common Operating Environment compliant.
R196,SSS417 TCS software flexibility and expandability shall be provided through use of the DII COE and through use of standardized software development practices.
R197,ORD005 The TCS software shall be non-proprietary.
R198,SSS400 The TCS software shall be non-proprietary.
R199,"Marine Corps, the TCS shall be an integral part of the TUAV two HMMWV-based GCSs."
R200,ORD007 The TCS hardware shall allow for long range communications from one TCS to another.
R201,SSS375 The TCS hardware shall allow for long range communications from one TCS to another.
R202,ORD008 The TCS hardware shall allow for data storage expansion.
R203,SSS376 The TCS hardware shall allow for data storage expansion.
R204,ORD009 The TCS hardware shall allow for access to other computers to share in processing capability.
R205,SSS377 The TCS hardware shall allow access to other computers to share in processing capability.
R206,ORD010 The TCS hardware shall allow for multiple external peripherals.
R207,SSS378 The TCS hardware shall allow for multiple external peripherals.
R208,ORD011 The TCS shall support 5 levels of UAV interaction:
R209,"Level five is the capability to have full function and control of the UAV from takeoff to landing SSS409 The TCS data latency shall not be greater than that present in the Predator ground control station or Outrider ground control station, whichever is smaller."
R210,SSS329 Remotely hosted applications shall communicate in a client server relationship via the defined data server interface.
R211,SSS328 The RTP interface shall support distributed processing capability.
R212,SSS327 This interface shall allow the information from the data server to be made available to other components of the TCS.
R213,SSS326 The TCS shall provide an internal interface for establishing communications with the RTP within TCS.
R214,SSS175 The TCS shall be capable of automatically controlling the transmitter and receiver frequencies of the selected data terminal.
R215,SSS173 The TCS shall be capable of automatically controlling the transmitter and receiver modes of the selected data terminal.
R216,SSS172 The operator shall be able to manually override the automatic function selection if desired.
R217,SSS171 The TCS shall be capable of automatically controlling the transmitter and receiver functions of the selected data terminal.
R218,SSS170 The TCS shall be capable of properly selecting and positioning antennas to maintain line-of-sight or satellite communication.
R219,SSS167 The TCS shall provide automatic pointing commands for directional antennas.
R220,"SSS557 The TCS shall incorporate antenna pedestal 3 –axis stabilization to compensate for platform (e.g. ship, or HMMWV) motion, if applicable."
R221,SSS164 The TCS shall support a sequential LOS data link and beyond LOS data link capability.
R222,ORD012 The TCS shall provide full interoperability between the Services and their UAV systems with varying levels of UAV interaction.
R223,SSS009 The TCS system shall provide software capabilities and hardware configurations necessary to fulfill the operational tasking requirements across the 5 levels of interaction.
R224,ORD013 The TCS core software shall be generically written to provide Level Five interaction for both TUAV and MAE UAVs and establish the architecture for future tactical UAVs.
R225,SSS396 The TCS core software shall be generically written to provide level one through level five interaction for both Outrider and Predator UAVs and establish the architecture for future tactical UAVs.
R226,SSS437 Newly designed software shall be developed in accordance with a tailored MIL-STD-498.
R227,ORD014 The TCS software and software related hardware shall be developed so that it is scaleable to meet the users’ needs.
R228,"SSS004 The TCS shall consist of the TCS workstation Hardware Configuration Items (HWCIs), TCS Software Compute Software Configuration Items (CSCIs), and additional TCS Support HWCIs and CSCIs. ."
R229,ORD015 The TCS shall prevent users from entering levels of interaction for which they are not authorized by software and/or hardware configuration.
R230,SSS403 The TCS software shall restrict the operator(s) from exercising levels of interaction not achievable by the system.
R231,SSS023 The TCS shall inform the operator if the operator attempts to execute a function that is prohibited based upon the determined level of interaction.
R232,SSS022 Levels of interaction higher than that achievable by a particular TCS configuration shall be prohibited.
R233,"SSS021 During startup, the TCS shall determine which of the 5 levels of interaction are achievable by the TCS configuration being used."
R234,"ORD016 The TCS shall enable the UAV operator to communicate, receive mission tasking, conduct mission planning, execute the mission, and collect, process, and disseminate data for the TUAV and MAE UAV, and support data collection from HAE UAV."
R235,SSS500 The capability for the conduct of actual communications processing concurrently with Training operations shall be provided if and only if messages are identified as training messages.
R236,SSS047 Shutdown of the TCS shall include proper termination of all active interfaces.
R237,SSS046 Shutdown of the TCS shall include shutdown of HCIs.
R238,SSS045 Shutdown of the TCS shall include shutdown of appropriate functions.
R239,SSS028 Initialization of the TCS shall include establishment of the state of readiness of all interfaces.
R240,SSS027 Initialization of the TCS shall include start of HCIs.
R241,SSS026 Initialization of the TCS shall include download of software.
R242,SSS542 Initialization of the TCS HWCIs shall include startup of HWCIs.
R243,SSS335 The TCS shall be able to route VCR recorded payload video to the C4I Interfaces.
R244,SSS332 The intercom system shall be compatible with service specific voice communication systems.
R245,SSS331 The TCS shall incorporate an intercom system that allows the operator(s) of the TCS to verbally communicate with each other.
R246,"SSS210 The TCS shall have the functionality necessary to manage all aspects of C4I system interfaces to include receiving, processing, and transmitting tactical information to include but not limited to character based text messages, NITF 2.0 imagery files, and RS-170A video."
R247,"SSS208 The TCS shall have the functionality to develop an estimate of the error in computed target coordinates, and associate the error estimate with the appropriate target."
R248,SSS189 Payload telemetry data shall be available to support other TCS functions as required.
R249,SSS180 The TCS shall be capable of presenting to the operator a visual depiction of the minimum and maximum data link operational ranges.
R250,ORD017 The TCS shall provide an open software architecture that can support future UAVs.
R251,"SSS395 The TCS shall provide an open software architecture to be capable of supporting additional CSCIs, CSCs, and CSUs for future AVs, future payloads, and payload capabilities (e.g. auto-search and automatic target tracking), and future Tactical UAVs."
R252,"ORD018 The TCS shall have software based on Defense Information Infrastructure/Common Operating Environment per Assistant Secretary of Defense for Command, Control, Communications, and Intelligence (ASD(C3I)) Joint Technical Architecture (JTA)."
R253,"SSS393 The TCS shall have software based on Defense Information Infrastructure/Common Operating Environment per Assistant Secretary of Defense for Command, Control, Communications, and Intelligence (ASD(C3I)) Joint Technical Architecture (JTA)."
R254,ORD019 The TCS shall have ergonomically designed operator controls and displays.
R255,SSS490 The TCS HCI shall provide for the capability to automatically designate target transmissions from the payload screen onto the map screen.
R256,"SSS489 The TCS HCI shall provide continuously-available, on-screen control functions for time and mission-critical operations, to include as a minimum print, freeze, declassification, mark VCR, declutter, cease RF transmission."
R257,"SSS487 For AV safety or mission-critical Warnings, the TCS HCI shall provide a default selection as well as an override option, along with a selection of adaptive responses, and the minimum information necessary to assist the operator in responding quickly and adaptively to the emergency."
R258,"SSS486 The TCS HCI shall provide for visual Cautions and Advisories to be displayed at or near the center of the field of view, i.e., within a 30o cone, of all monitors in a TCS system."
R259,"SSS485 The TCS HCI shall provide for separation, grouping, and visual coding of multiple categories of alerts, to include Warnings, Cautions, and Advisories."
R260,SSS484 The TCS HCI shall provide for a rapid means to cancel aural warnings.
R261,"SSS482 The TCS HCI shall provide the capability to display operator definable “Lock Out” zones around waypoints, Launch and Recovery Point (LRP), or any selected point on the AV flight path."
R262,SSS481 The TCS HCI shall provide the capability to lock onto and hold a coordinate point on-screen.
R263,SSS480 The TCS HCI shall provide the on-screen capability to select and efficiently move or reorient a previously defined SAR imaging swath.
R264,SSS479 The TCS HCI shall display the SAR imaging swath on the map display.
R265,SSS478 The TCS HCI shall provide coarse and fine payload control capabilities directly on the payload screen.
R266,SSS477 The TCS HCI shall provide the capability to select and amplify an object or point on a map or payload screen.
R267,ORD020 The TCS shall have monitor(s) that provide easy reading of displays.
R268,SSS446 The TCS shall have monitor(s) that provide easy reading of displays under direct sunlight and low light level environments.
R269,SSS459 Display jitter and flicker shall not be detectable by the operator.
R270,ORD021 The TCS HCI shall be menu driven and have displays in a X-windows motif.
R271,SSS447 The TCS HCI shall be a Graphical User Interface (GUI) based on X-windows and Motif.
R272,SSS399 TCS software shall provide a windows based graphic operator interface.
R273,ORD022 The TCS shall have peripheral ports to drive external devices.
R274,"As a minimum, ports required will be for monitor displays, mouse (or pointer device), keyboard, printer, LAN, EIA-RS-170, and external disk drives (if required) SSS343 The TCS shall provide a RAID for storage and retrieval of TCS data, if required."
R275,SSS342 The TCS shall provide a tape drive for storage and retrieval of TCS data.
R276,"ORD023 The TCS shall be capable of supporting additional software modules for future payloads, payload capabilities (e.g. autosearch and automatic target tracking), and future Tactical UAVs."
R277,SSS439 A modular architecture shall be used by the TCS software in order to support future interoperability with multiple types of UAVs and payloads while maintaining consistent displays and user interfaces.
R278,"ORD024 The TCS shall allow operators to have simultaneous flight and payload control of at least two air vehicles, beyond line of sight, using one TCS."
R279,SSS125 The TCS shall provide the necessary system capabilities required for AV flight control BLOS via uplink command to two MAE air vehicles.
R280,SSS124 The TCS shall allow the operator to control an AV using the LOS or SATCOM data links.
R281,SSS149 The TCS shall provide the necessary system capabilities required for payload control beyond line of sight via uplink command of two air vehicles of the same type using sequential communication techniques.
R282,ORD025 The TCS shall be capable of being interoperable with different types of UAVs and UAV payloads across the 5 levels of UAV interaction.
R283,SSS011 The TCS shall be capable of being interoperable with Predator and Outrider UAVs across the 5 levels of UAV interaction.
R284,SSS012 The TCS shall be capable of being interoperable with the installed payloads across the 5 levels of UAV interaction.
R285,SSS322 The TCS shall implement an AV Standard Interface that will provide the proper data format to ensure communications with the selected AV.
R286,SSS323 This interface shall allow for addition of future AVs and will provide the generic architecture to ensure interoperability.
R287,ORD026 The TCS shall be capable of being interoperable with multiple platforms/payloads simultaneously.
R288,SSS013 Table 3-2 identifies the payloads with which the TCS shall interoperate.
R289,ORD027 The TCS shall be capable of meeting the operational and physical security requirements of the systems with which it is interoperable.
R290,SSS362 The TCS shall be accredited by the Designated Approving Authority prior to processing classified or sensitive unclassified data.
R291,"As such, as per DoD Regulation 5000.2-R, dated March 15, 1996, the TCS shall meet security requirements in accordance with DoD Directive"
R292,"Using risk assessment procedure defined in DoD 5200.28(D), a risk index and the minimum security requirements for TCS shall be determined."
R293,"SSS364 The TCS data sensitivities shall be determined by the data sensitivities of the systems with which it interfaces including the air vehicles, payloads, and C4I systems."
R294,The outputs of the procedure are the TCS mode of operation and a digraph that the TCS must minimally satisfy.
R295,"SSS365 Links that provide communications between the TCS and other systems shall be secured in a manner appropriate for the sensitivities of the material passed through such links, in accordance with DoD Directive C-5200.5, “Communication Security (COMSEC)” dated 21 April 1990."
R296,"SSS366 The TCS shall be designed to protect its communication and data links against enemy Electronic Warfare (EW) threats, physical anti-radiation weaponry and physical destruction."
R297,"SSS367 All hardware, software, documentation, and sensitive information processed by TCS shall be physically protected, minimally at the level determined by the risk index computed in Section 3.8.1, to prevent intentional or unintentional disclosure, destruction, or modification."
R298,SSS368 The TCS shall be physically secured to the same degree as the systems with which it interfaces.
R299,"SSS369 All TCS users, operators, maintainers and other personnel having access to TCS shall be cleared to the highest sensitivity of the data that the TCS processes, stores or transfers."
R300,SSS370 Additional local site procedures shall be developed to prevent the intentional or unintentional disclosure of sensitive information to unauthorized individuals.
R301,SSS371 A training program consisting of an initial security training and awareness briefing covering AIS security in general but also tailored to the TCS shall be developed.
R302,"ORD028 The TCS shall be capable of importing NIMA Digital Terrain Elevation Data (DTED), Digital Feature Analysis Data (DFAD), Arc Digitized Raster Graphic and scanned hard copy maps."
R303,"SSS384 The TCS computer system shall contain a CD-ROM drive that is compatible with Defense Mapping Agency (DMA), CD-ROM Digital Terrain Elevation Data (DTED), Digital Feature Analysis Data (DFAD), and embedded training media."
R304,SSS341 The TCS shall provide a CD drive for the retrieval of TCS data.
R305,"SSS280 The TCS shall be capable of importing National Imagery Mapping Agency (NIMA) Digital Terrain Elevation Data (DTED), Digital Feature Analysis Data (DFAD), Arc Digitized Raster Graphic and scanned hard copy maps, via compact disk."
R306,ORD029 The TCS shall be capable of importing map information via operator procedure and should be capable of incorporating vector format and Compressed ADRG (CADRG) maps.
R307,SSS281 The TCS shall be capable of importing map information via operator procedure and should be capable of incorporating vector format and Compressed ADRG (CADRG) maps.
R308,SSS555 The TCS shall be capable of importing map information via operator procedure.
R309,ORD030 The TCS shall include the basic flight planning tools.
R310,"SSS083 The TCS flight route planner shall include, as a minimum, the following flight planning tools:"
R311,SSS088 The TCS shall present to the operator the estimated time of arrival at each programmed waypoint of the proposed mission plan.
R312,SSS089 The TCS shall analyze the flight route plan selected for uplink to determine that the flight constraints of the AV and the limitation of the data link are not violated prior to transmission of the flight route plan to the AV.
R313,ORD031 The TCS shall include the basic flight planning tools.
R314,"Fuel Calculations SSS084 The TCS flight route planner shall include, as a minimum, the following flight planning tools:"
R315,ORD032 The TCS shall include the basic flight planning tools.
R316,"SSS085 The TCS flight route planner shall include, as a minimum, the following flight planning tools:"
R317,"SSS554 The TCS flight route planner shall include, as a minimum, the following flight planning tools:"
R318,ORD033 The TCS shall include the basic flight planning tools.
R319,"SSS086 The TCS flight route planner shall include, as a minimum, the following flight planning tools:"
R320,ORD034 The TCS shall be capable of providing point-and-click route and sensor planning.
R321,SSS081 The TCS shall provide the capability to display mission waypoints and flight path graphically.
R322,SSS059 The TCS mission planning function shall provide a graphical user interface that gives the operator the ability to define waypoints on a map based display using pointing device commands.
R323,SSS092 The TCS shall provide the operator with an interactive graphics and map based flight route planning capability.
R324,SSS560 The TCS shall provide the capability to compute the range and bearing between two geographic positions located on the payload imagery display.
R325,SSS561 The TCS shall provide the capability to compute the range and bearing between two geographic positions on the map display.
R326,ORD035 The TCS shall program air vehicles with mission planning data prior to launch.
R327,SSS070 The TCS shall provide the system functionality necessary to perform flight route plan upload to the AV via the selected system data link or direct ground connection.
R328,"ORD036 The TCS shall have tools for importing or creating overlays for fire support coordination measures, airspace control measures, and threat."
R329,"SSS060 The TCS shall have the ability to import or create map display overlays for fire support coordination measures, airspace control measures, and threat identification measures."
R330,"SSS087 The TCS flight route planner shall include, as a minimum, the following flight planning tools:"
R331,"SSS547 As an objective, the TCS shall have the capability to import as well as create and modify map display overlays for fire support coordination measures."
R332,SSS548 The TCS shall have the capability to import as well as create and modify map display overlays for airspace control measures.
R333,ORD037 The TCS shall provide the following survivability mission planning features:
R334,SSS176 The operator shall be able to manually override the automatic frequency selection if desired.
R335,SSS174 The operator shall be able to manually override the automatic mode selection if desired.
R336,SSS163 The operator shall be able to manually override any automatic data terminal control mode selection if desired.
R337,ORD038 The TCS shall provide the following survivability mission planning features:
R338,"SSS066 When available, the UAV signature lookup table shall support the capability of displaying aircraft signature versus threat, before and during flight."
R339,"SSS065 Upon completion of radar cross section analysis and characterization by the Government for each UAV type, TCS shall implement a UAV signature versus threat lookup table (database) that identities the lethality of the threat to the UAV."
R340,ORD039 The TCS shall provide the following survivability mission planning features:
R341,The system should be capable of displaying overlays or icons of known threat systems and displaying the threat engagement envelopes and associated radar terrain masking for those threats for route planning.
R342,SSS062 The TCS shall provide the capability of displaying the threat engagement envelopes and associated radar terrain masking for those threats.
R343,"SSS064 An authorized Operator, via the Adjust Programmable Parameters capability, shall be able to modify the maximum number of threats displayed, when de-clutter is selected."
R344,SSS061 The TCS shall provide the capability of displaying overlays with up to 100 simultaneous icons of known threat systems.
R345,SSS549 The TCS shall provide the capability of displaying overlays each containing 100 simultaneous icons of known fire support coordination zones.
R346,SSS550 The TCS shall provide the capability of displaying overlays each containing 100 simultaneous icons of known airspace control zones ORD040 The TCS shall be capable of storing mission plans and exporting them to other TCSs and exporting them to force level mission planning systems.
R347,SSS056 The TCS shall have the functionality to transmit UAV mission plans to other TCSs.
R348,SSS055 The TCS shall have the functionality to transmit UAV mission plans to service-specific mission planning systems.
R349,"SSS051 The TCS Mission plan shall include all necessary information required to be interoperable with the force level mission planning systems including the Tactical Automated Mission Planning System (TAMPS), Aviation Mission Planning System (AMPS), and Air Force Mission Support System (AFMSS)."
R350,SSS054 The TCS shall have the functionality to receive UAV mission plans from other TCSs.
R351,"ORD041 The TCS shall be capable of downloading mission plans from Service-specific mission planning systems (e.g., Tactical Aircraft Mission Planning System and Air Force Mission Support System)."
R352,SSS058 The TCS shall be capable of storing a minimum of 500 mission plans under unique names to allow for later retrieval.
R353,SSS053 The TCS shall have the functionality to receive and process UAV mission plans from service- specific mission planning systems.
R354,DELETED** ORD042 The TCS shall be capable of changing the mission plan while the air vehicle is airborne.
R355,"ORD043 The TCS shall be ergonomically designed and provide sufficient cues to allow the pilot to safely take off, land, and navigate under Instrument Flight Rules."
R356,SSS063 A de-clutter capacity shall be provided that only displays the selected number of the most significant threats.
R357,"SSS356 Upon detection of loss of link, the TCS shall attempt to reestablish communications with the air vehicle."
R358,SSS355 The TCS shall monitor the uplink and downlink to each UAV under its control.
R359,SSS353 The TCS shall be designed such that no single hardware failure or software error results in an unsafe command to be transmitted to and accepted by the air vehicle.
R360,SSS556 The TCS shall be designed such that no single software error results in an unsafe command to be transmitted to the air vehicle.
R361,SSS352 The TCS shall provide the required information to allow the operator to maintain safe separation from other aircraft and a safe altitude in civilian airspace per Federal Aviation Administration (FAA) rules.
R362,"SSS351 During mission execution, the TCS shall provide the operator a caution/warning when the UAV system has identified a malfunction."
R363,"SSS350 For mission planning, the TCS shall provide terrain avoidance warning and minimum reception altitude calculations for line of sight flights."
R364,SSS349 Appropriate caution/warning shall be provided to the operator if the air vehicle deviates into unsafe flight regime.
R365,SSS348 The TCS shall provide adequate capability to allow the operator to operate each UAV within its certified operational flight envelope.
R366,"SSS347 The TCS shall provide sufficient cues to allow the operator to safely take-off, land and navigate under Instrument Flight Rules."
R367,ORD044 The TCS shall support an automatic launch and recovery system.
R368,"SSS135 As an objective, the TCS shall support an automatic launch and recovery system."
R369,"SSS136 As an objective, the TCS shall be interoperable with the Integrity Beacon Landing System (IBLS) used by Outrider."
R370,"SSS138 As an objective, the TCS shall present sufficient cues to the operator to implement and monitor automatic launch and recovery, and to initiate abort procedures if required."
R371,SSS289 The TCS shall provide external interfaces to required launch and recovery systems.
R372,"SSS137 As an objective, the TCS shall be interoperable with the Common Automated Recovery System (CARS) used by Outrider."
R373,ORD045 The TCS shall display the location and system status of the UAV.
R374,"SSS143 The TCS shall display the AV status, to include but not be limited to the AV location and system status."
R375,"SSS144 While the data link is not operational, the TCS shall present the last known AV status values and the time at which the last values were reported."
R376,"SSS145 The TCS shall be capable of displaying fuel parameters to the operator to include as a minimum fuel status, flow rate, and bingo fuel."
R377,SSS146 The TCS shall compute the estimated position of the AV during Loss of Link (LOL) based upon the last known AV position projected along the flight planned route.
R378,SSS536 TCS shall display a LOL timer to the operator initiating a LOL onset.
R379,ORD046 The TCS shall display the search footprint of the payload on the moving map.
R380,SSS157 The TCS shall display the search footprint of the payload on the moving map.
R381,ORD047 The TCS shall provide dynamic mission and sensor retasking during operational mission execution.
R382,SSS067 The TCS shall permit dynamic mission and sensor retasking during all phases of operational mission execution.
R383,"ORD048 The TCS shall receive, process, format, store, retrieve flight and payload data, and perform limited exploitation of payload data."
R384,SSS336 An RS-170A video interface shall be provided for the system to output and input analog imagery and overlays to and from a Video Cassette Recorder (VCR) for recording and playback.
R385,SSS334 The TCS shall allow the Operator(s) to fully control the VCR via the TCS Display input device(s).
R386,SSS198 RS170A Video and digital imagery shall be routed to TCS functions and displayed upon operator request.
R387,SSS196 The TCS operator shall be able to select the content of the overlay information.
R388,"SSS537 The TCS shall provide the capability to simultaneously view imagery as well as data from more than one payload, when applicable."
R389,"SSS195 The TCS shall display live or recorded imagery data, with or without annotation or overlay, upon operator request."
R390,SSS184 The TCS shall be able to store up to 24 hours of payload data.
R391,"SSS182 The TCS shall have the functionality to process payload product data from Electro Optical (EO), Infrared (IR), and Synthetic Aperture Radar (SAR) payloads."
R392,SSS527 The TCS shall provide the system functionality necessary to record data obtained via the data link.
R393,"SSS528 The TCS shall be capable of automatically recording system state data, interface communications and other information necessary to support event reconstruction."
R394,ORD049 The TCS shall have the capability to receive data from and control payloads on a UAV that is being controlled from another TCS.
R395,SSS148 The TCS shall have the capability to receive data from and control payloads on an AV that is being controlled from another TCS.
R396,ORD050 The TCS shall provide the capability to pass control of an AV from one TCS to another.
R397,SSS114 The TCS shall provide the capability to pass control of an AV to another TCS.
R398,SSS115 The TCS shall provide the capability to take control of an AV from another TCS.
R399,ORD051 The TCS shall provide the operator a caution/warning when the UAV system has identified a malfunction.
R400,SSS458 All TCS HCI shall prompt the operator for a valid input if an erroneous entry is made.
R401,SSS455 The volume of these auditory tones shall be adjustable by the operator via keyboard and trackball input.
R402,SSS453 The position of the displayed message window shall be easily adjustable by the operator to ensure that important mission data is not obscured.
R403,SSS445 The TCS shall provide the operator a caution/warning when the UAV system has identified a malfunction.
R404,"SSS448 When performing a given task during mission execution, the operator shall be given appropriate warning messages from other concurrently-executing subsystem tasks SSS449 TCS Warning messages shall be color coded and flashed based on mission criticality."
R405,"The color codes and flash frequencies will follow MIL-STD 1472 guidelines SSS450 The TCS operator shall be required to enter an acknowledgment prior to disabling the display of critical warning flags for any AV, Payload, ADT, GDT, or TCS faults."
R406,SSS452 Visual alerts to the TCS operator shall be in the form of a displayed message box that has a display priority greater than other existing windows to ensure that it is viewable immediately by the operator.
R407,"SSS454 In addition to displayed alert messages to the TCS operator, auditory alerts/tones shall also be provided."
R408,SSS456 All TCS warning messages and HCI actions shall be archived for later review.
R409,SSS457 All TCS operator inputs shall be error checked against reasonable minimum and maximum values such that any erroneous operator entry will not cause current processing to terminate.
R410,ORD052 The TCS shall enable antenna switching when the UAV is masked by obstructions.
R411,"SSS116 For shipboard operations, the TCS shall provide the capability to switch to a second LOS antenna, if a second antenna is available, when the currently active antenna is masked by shipboard obstructions."
R412,"SSS117 The TCS shall provide the capability to switch to a SATellite COMmunication (SATCOM) antenna, if the selected AV has SATCOM capability, when the AV proceeds beyond LOS range or when LOS is obstructed."
R413,"ORD053 The TCS shall provide limited exploitation capabilities, to include voice and textual reporting for spot/mission objectives."
R414,SSS200 The TCS shall have the functionality to conduct limited exploitation on the payload product data.
R415,"ORD054 The TCS capabilities shall include video/SAR frame grabbing, image annotation, image archiving, video/SAR recording playback, and data dissemination."
R416,SSS330 The TCS shall provide an internal interface for the SAR Processor in order to disseminate SAR information (to include imagery and telemetry) to other components of the TCS.
R417,SSS202 The TCS shall provide the capability to capture frozen-frames of imagery and store a limited number of these frozen images for further review or processing.
R418,"SSS190 This functionality, as a minimum, shall include: formatting, storing, internally routing, and recording the video."
R419,"SSS191 This functionality, as a minimum, shall include: creating and storing a freeze frame of the video."
R420,"SSS192 This functionality, as a minimum, shall include: retrieving and displaying the video"
R421,"ORD055 The TCS shall be in compliance with Common Imagery Ground Surface Station (CIGSS), United States Imagery Standards (USIS), and GCCS when processing payload imagery data."
R422,SSS408 The TACCOM segment shall provide API’s for the transmission of imagery in National Imagery Transmission Formats 1.1a and 2.0 as per MILSTD-2500 and in accordance with the Common Imagery Ground/Surface Station (CGIS) Guidelines.
R423,SSS186 The NITF 2.0 imagery files generated by the TCS shall contain the necessary telemetry and support data to permit subsequent imagery exploitation by C4I systems.
R424,"SSS185 The TCS shall be in compliance with Common Imagery Ground Surface Station (CIGSS), United States Imagery Standards (USIS), National Imagery Transmission Format (NITF) Version 2.0 and Global Command Control Systems (GCCS) when processing payload imagery data."
R425,"ORD056 The TCS shall have the capability to display Near-Real Time (NRT) imagery with annotation to include date/time group, target location when in the center field of view, north seeking arrow, AV position and heading."
R426,"SSS207 The TCS shall have the functionality to determine the location of items of interest within the payload field of view, and express these locations in coordinates acceptable for military applications."
R427,SSS206 The TCS shall support a target location function where the operator can request the current ground location of the payload field-of-view center.
R428,"SSS203 The TCS shall have the capability to display Near-Real Time (NRT) imagery to include, as a minimum, date/time group, target location coordinates when the target is in the center of the field of view, north seeking arrow, and AV position and heading."
R429,ORD057 The TCS shall have a built-in word processing and text capability including the ability to overlay textual information on imagery.
R430,SSS187 The TCS shall have a built-in word processing and text capability including the ability to annotate textual information on imagery.
R431,ORD058 The TCS shall have ports for outputting data and imagery to a hard copy printer and recording media.
R432,"SSS338 The TCS shall, as a minimum, allow Operator(s) to print freeze-frame video, C4I Messages, Mission Plans, and FD/L information."
R433,SSS337 The TCS shall have ports for outputting data and imagery to a hard copy printer.
R434,The TCS shall have ports for outputting data and imagery to recording media.
R435,SSS314 The TCS shall provide an interface between the TCS and an external hard copy printer.
R436,"SSS315 The TCS shall as a minimum, allow Operator(s) to print freeze-frame video, C4I Messages, Mission Plans, and FD/L information."
R437,SSS316 The TCS shall have the functionality to output digital message data and imagery to a hard copy printer.
R438,"SSS193 This functionality, as a minimum, shall include: printing a hard copy of freeze frame video."
R439,ORD059 The TCS shall have a means of inputting data from external data storage systems.
R440,SSS340 The TCS shall have the functionality to transfer digital data or digital imagery to and from external data storage devices.
R441,SSS339 The TCS shall be able to access data storage devices.
R442,SSS317 The TCS shall provide an interface between the TCS and external data storage systems.
R443,SSS318 The TCS shall have the functionality to transfer digital data or digital imagery to and from external data storage systems.
R444,ORD060 The TCS shall have the capability to distribute NRT video to selected users (including commercially available television monitors and VCRs) via external ports.
R445,SSS226 The TCS shall have the functionality to provide the following control capability:
R446,SSS219 The TCS shall export and disseminate RS-170A video with or without overlay.
R447,SSS228 The TCS shall have the functionality to provide the following control capability:
R448,ORD061 The TCS shall have image enhancement capability.
R449,"SSS201 The TCS shall have image enhancement capability to include contrast, brightness, edge enhancement, and sharpness."
R450,ORD062 The TCS shall have the capability to select/deselect cross hairs (or other similar ICON) to identify center of target.
R451,SSS197 The TCS shall have the capability to select and deselect cross hairs (or other similar ICON) to identify center of target.
R452,ORD063 The TCS shall have the capability to display target symbols in variable sizes.
R453,"ORD064 The TCS shall have the capability to interoperate with a server to receive, extract, and push intelligence data."
R454,"SSS212 The TCS shall have the capability to interoperate with a data server to receive, extract, and push intelligence data."
R455,SSS374 The hardware of the TCS shall be capable of being scaled as well as being modular to meet the varying needs of the Services.
R456,ORD065 The TCS must support a simultaneous uplink and downlink capability.
R457,SSS382 The TCS shall have sufficient throughput to support the processing requirements the selected data link.
R458,SSS325 The TCS shall support a concurrent uplink and downlink capability.
R459,SSS324 The uplink and downlink information passed between the TCS and the AV shall be in accordance with the associated AV documentation.
R460,SSS111 TCS shall receive AV telemetry and payload video information via downlink from the AV.
R461,SSS110 TCS shall uplink command and control information to the AV via the uplink to the AV.
R462,ORD066 The TCS datalink shall provide interfaces with the respective UAV program-provided data links for command and control and UAV data.
R463,SSS312 The TCS shall provide interfaces with the respective UAV program-provided data links for command and control and UAV data.
R464,ORD067 The TCS datalinks shall comply with CDL standards to ensure interoperability.
R465,"SSS379 The TCS hardware shall support the data rate characteristics of the AV, data link and payload to ensure interoperability."
R466,ORD068 The TCS datalink shall support a simultaneous LOS and beyond LOS capability.
R467,"SSS313 The TCS shall have provisions for simultaneously supporting both of the following external interfaces: LOS data link, SATCOM data link."
R468,ORD069 The TCS shall be interoperable with C4I systems listed in the ORD.
R469,"SSS406 The DII/COE UCP/CMP shall provide a consistent and common set of interfaces for United States Military Transmission Format (USMTF), Army Tactical Command Control System (ATCSS), and Field Artillery Tactical Data Systems (FATDS) message sets."
R470,TACCOM shall also provide National Imagery Transmission Format (NITF) and system specific interfaces.
R471,SSS222 The TCS shall have the functionality to provide the following control capability:
R472,Send and receive tactical communication messages SSS223 The TCS shall have the functionality to provide the following control capability:
R473,Send and receive annotated and un-annotated digital imagery SSS224 The TCS shall have the functionality to provide the following control capability:
R474,SSS225 The TCS shall have the functionality to provide the following control capability:
R475,SSS227 The TCS shall have the functionality to provide the following control capability:
R476,"SSS239 The TCS shall have the functionality to monitor the status of all C4I interfaces, and display appropriate control information."
R477,SSS240 The TCS shall have the functionality to provide the following data monitoring capability:
R478,Determine which C4I systems are available and online SSS241 The TCS shall have the functionality to provide the following data monitoring capability:
R479,Monitor the status of all incoming and outgoing tactical communication messages SSS242 The TCS shall have the functionality to provide the following data monitoring capability:
R480,Review all tactical communication messages received or transmitted SSS243 The TCS shall have the functionality to provide the following data monitoring capability:
R481,"View either incoming or outgoing, annotated or un-annotated analog imagery SSS244 The TCS shall have the functionality to provide the following data monitoring capability:"
R482,ORD070 The TCS shall have the capability to connect to a local area network.
R483,SSS288 The TCS shall provide the system functionality to allow interfacing with external systems via a local area network.
R484,ORD071 The TCS shall have the capability to use cable to deliver live video imagery in multiple locations.
R485,SSS213 The TCS shall have the capability to use cable to deliver live video imagery in multiple locations.
R486,"ORD072 The TCS shall have the ability to use Service specific ground or airborne UHF, VHF, and UHF/VHF, and HF radios for digital message transmission while using the same radios for record traffic."
R487,"SSS214 The TCS shall have the ability to use Service specific ground or airborne Ultra High Frequency (UHF), Very High Frequency (VHF), and UHF/VHF, and High Frequency (HF) radios for digital message transmission while using the same radios for record traffic."
R488,ORD073 The TCS shall meet the mission capability criteria established by the MAE UAV and TUAV ORDs.
R489,"SSS413 The TCS equipment shall achieve an availability (Ao), as defined below, equal to or greater than that which is specified in the Predator and Outrider ORDs."
R490,SSS411 The TCS maintainability will be considered in every phase of the design and development process and shall achieve a system maintainability (Mean Time To Repair MTTR) equal to or greater than that which is specified in the Predator and Outrider ORDs.
R491,SSS410 The TCS reliability will be considered in every phase of the design and development process and shall achieve a system reliability (Mean Time Between Failures MTBF) equal to or greater than that which is specified in the Predator and Outrider ORDs.
R492,SSS008 The TCS shall meet the applicable capability and characteristic criteria established by the Operational Requirements Document (ORD) CAF 003-90-I-A for the RQ-1A Predator Medium Altitude Endurance Unmanned Aerial Vehicle/System (MAE UAV) and the Close Range – Tactical Unmanned Aerial Vehicle (CR-TUAV).
R493,"ORD074 For each TUAV system, the TCS shall provide full independent computer redundancy."
R494,"SSS380 For each TUAV system, the TCS shall provide full independent computer redundancy ORD075 The TCS shall be maintained in accordance with the UAV ORD for that Service and the level of repair analysis for the hardware chosen."
R495,SSS509 The TCS shall be maintained in accordance with the UAV ORD for that Service and the level of repair analysis for the hardware chosen.
R496,ORD076 The TCS shall meet the deployment criteria for the organic unit to which it is assigned.
R497,SSS516 The TCS shall meet the deployment criteria for the organic unit to which it is assigned.
R498,SSS523 The TCS shall be sea transportable.
R499,SSS522 The TCS shall be air transportable by helicopter (CH-47/CH-53D) and C-130 drive-on/drive-off capable.
R500,"SSS525 The TCS shall be configurable for sea, ground, or air transport in 2 hours or less."
R501,SSS526 The TCS system shall be capable of being de-configured from sea/ground/air transport and ground- mobile in 2 hours or less.
R502,ORD077 The TCS shall use standard military worldwide 110/220 volt 50/60 hertz generators and commercial power sources.
R503,SSS385 The TCS shall use standard military worldwide 110/220 volt 50/60 hertz generators and commercial power sources.
R504,"ORD078 The TCS shall use standard electrical power sources available within the DOD family of ground mobile, airborne, and shipboard electrical power sources."
R505,"SSS386 The TCS shall use standard electrical power sources available within the DOD family of ground mobile, airborne, and shipboard electrical power sources."
R506,SSS319 The TCS shall have an interface between the TCS and DoD standard power supply equipment.
R507,SSS320 The TCS shall have the functionality to connect to the power supply equipment provided in the TCS operating environment.
R508,ORD079 The TCS shall be capable of restoring power in sufficient time to avoid loss of critical mission data or loss of air vehicle control during power outages.
R509,SSS354 The TCS shall be capable of restoring power in sufficient time to avoid loss of air vehicle control during power outages.
R510,SSS387 The TCS shall be capable of restoring power in sufficient time to avoid loss of critical mission data or loss of air vehicle control during power outages.
R511,ORD080 The TCS shall have an uninterrupted power supply for critical phases (landing and takeoff as a minimum) of mission execution.
R512,SSS344 The TCS shall have an interface to an uninterruptible power supply.
R513,SSS388 The TCS shall have an uninterrupted power supply for critical phases (landing and takeoff as a minimum) of mission execution.
R514,ORD081 The TCS shall have an objective capability to be integrated and operated from tactical and command and control aircraft and submarines.
R515,SSS534 The TCS shall have the capability to be integrated and operated from ships.
R516,SSS533 The TCS shall have the capability to be integrated and operated from land based platforms.
R517,SSS531 The TCS shall have the capability to be integrated and operated from tactical and command and control aircraft.
R518,SSS532 The TCS shall have the capability to be integrated and operated from submarines.
R519,"ORD082 The TCS shall operate in world wide climatic conditions, i.e. same climatic conditions in which the TCS shelter/platform is designed to operate."
R520,SSS372 The TCS shall be capable of operation within environments specified for the land-based shelter and shipboard environments.
R521,SSS435 The TCS shall be compatible with the external electromagnetic environment.
R522,ORD083 A TCS support and fielding package shall be developed and available for operational testing.
R523,SSS510 A TCS support and fielding package shall be developed and available for operational testing.
R524,ORD084 The TCS shall be maintained in accordance with Services' approved UAV maintenance concepts and procedures.
R525,SSS511 The TCS shall be maintained in accordance with Services' approved UAV maintenance concepts and procedures.
R526,ORD085 Support for the TCS shall be in accordance with the Integrated Logistical Support Plan (ILSP) and the maintenance concepts and policies of the individual Services.
R527,SSS504 Support for the TCS shall be in accordance with the Integrated Logistical Support Plan (ILSP) and the maintenance concepts and policies of the individual Services.
R528,"ORD086 Standard tools, TMDE, repair parts, and lubricants shall be used to maintain the TCS."
R529,"SSS507 Standard tools, TMDE, repair parts, and lubricants shall be used to maintain the TCS."
R530,Exceptions shall be considered on a case by case basis.
R531,"ORD087 To the maximum extent possible, general purpose test equipment (GPTE) and common tools resident in each service shall be used to perform all corrective and preventative maintenance at all authorized levels of maintenance."
R532,"SSS512 To the maximum extent possible, general purpose test equipment (GPTE) and common tools resident in each service shall be used to perform all corrective and preventative maintenance at all authorized levels of maintenance."
R533,"SSS513 Tools and test equipment required to maintain the TCS but not resident in each service inventory shall be identified as special tools and special purpose test equipment (SPTE), respectively, and kept to a minimum."
R534,"ORD088 Tools and test equipment required to maintain the TCS but not resident in each service inventory shall be identified as special tools and special purpose test equipment (SPTE), respectively, and kept to a minimum."
R535,ORD089 The TCS hardware and software shall include FD/L during initial computer system boot-up.
R536,SSS025 Initialization of the TCS shall include execution of Startup FD/L.
R537,"SSS024 When executing in the Normal Startup Mode, the TCS shall provide the system functionality necessary to execute the Startup Fault Detection Logic (FD/L) and initialize the system to place it in the Operations State within 60 seconds."
R538,"SSS249 Fault Detection/Location (FD/L) to the Line Replaceable Unit (LRU) level shall be provided to indicate the readiness status of TCS, if inherent to the COTS hardware and software utilized.."
R539,"SSS250 As a minimum, TCS shall provide Startup FD/L for the operator workstation."
R540,"SSS036 The TCS hardware and software shall execute periodic Fault Detection Logic (FD/L) while in the Normal Operations Mode and Training Mode, to include a periodic determination of level of interaction."
R541,ORD090 The TCS manpower requirements shall not exceed the Services' guidelines for their respective UAV Program.
R542,"ORD091 TCS training shall be balanced between institutional, New Equipment Training (NET), and unit training."
R543,ORD092 TCS instructor and key personnel training shall be required.
R544,ORD093 TCS units shall receive NET as new system equipment is fielded.
R545,ORD094 TCS training devices shall be required for the institutional training base.
R546,ORD095 TCS unit training shall be conducted in both garrison and field environments -- individual and collective modes.
R547,"SSS491 TCS training and training support shall include the processes, procedures, techniques, training devices and equipment to train civilian, active duty and reserve military personnel to operate and support the TCS system."
R548,"ORD096 The TCS system shall provide, for the operator and maintainer, the capability for incorporation of embedded / add-on interactive training with self-paced instruction, duplicating UAV flight performance characteristics, capabilities, and limitations."
R549,"SSS492 The TCS system shall provide, for the operator and maintainer, an embedded or add-on interactive training courseware with self-paced instruction, duplicating UAV flight performance characteristics, capabilities, and limitations."
R550,SSS402 Training software shall be alterable without affecting the configuration of the operational software.
R551,SSS494 The interactive courseware training capability for TCS shall be developed during Phase I and introduced to the user during scheduled demonstrations and tests.
R552,"SSS495 The training capability for performance of TCS functions shall include primary mission (flight route/payload) planning, mission control and monitoring, imagery processing, tactical communications, AV control communications and TCS system on line diagnostics."
R553,"SSS496 The TCS shall provide the functional capability to train personnel in the operation of the TCS system, performance of TCS UAV functions, and on-line system troubleshooting."
R554,"SSS497 TCS system training shall include system architecture, component familiarization, and system startup, initialization, system recovery, on-line diagnostics, and shutdown."
R555,SSS501 Training shall be adequate to maintain operator and maintainer skills and proficiencies.
R556,SSS502 TCS shall record operator and maintainer actions for self assessment and performance enhancement.
R557,SSS503 Operator and maintainer performance shall be measurable using parameters retrievable from the TCS to determine proficiency levels.
R558,ORD097 The TUAV TCS system shall be compatible with the U.S.
R559,SSS493 The TUAV TCS system shall be compatible with the U.S.
R560,ORD098 All TCS Operator Manuals and Technical Manuals shall be verified and validated prior to initial operational test.
R561,SSS529 All TCS Operator Manuals and Technical Manuals shall be verified and validated prior to initial operational test.
R562,"ORD099 TCS system safety and health hazards, if any, shall be identified and evaluated."
R563,"SSS359 System safety and health hazards, if any, shall be identified and evaluated."
R564,SSS357 The TCS design shall provide protection against injury to TCS operators and maintenance personnel.
R565,SSS345 The TCS design solution shall consider all safety requirements affecting design and performance except nuclear safety.
R566,"SSS436 The TCS design shall ensure that personnel, fuel, and ordinance are not exposed to electromagnetic radiation."
R567,"SSS358 The TCS system design shall use MIL-STD-2036, Section 5.1.3.11 as a guide, with regard to personnel hazards, and MIL-STD-1472D, Section 5.13, as a guide for safety from a human engineering viewpoint."
R568,ORD100 TCS risk levels and a program to manage the probability and severity of hazards shall be developed.
R569,SSS360 Risk levels and a program to manage the probability and severity of hazards shall also be developed.
R570,"The TCS shall comply with para 5.3 of MIL-STD 882C, ""System Safety Program Requirements"", dated 19 January 1993 w/Notice 1 dated 19 January 1996."
R571,ORD101 The TCS shall conform with the National Institute for Standard Technology (NIST) Federal Information Processing Standard (FIPS) Publication 151-2 (POSTX.1) SSS381 The TCS shall conform with the National Institute for Standard Technology (NIST) Federal Information Processing Standard (FIPS) Publication 151-2 (POSIX.1) ORD102 The TCS shall be capable of providing a 50% spare memory storage capacity over delivered storage used.
R572,SSS391 The TCS shall be capable of providing a 50% spare memory storage capacity over delivered storage used.
R573,SSS392 The TCS shall be capable of providing a 75% spare memory storage capacity over storage used (objective).
R574,"SSS383 To meet growth requirements, the TCS shall be capable of adding additional storage without major hardware reconfiguration."
R575,ORD105 The TCS throughput shall not exceed 50% of throughput capability delivered.
R576,SSS390 The TCS throughput shall not exceed 25% of throughput capability delivered (objective).
R577,SSS389 The TCS throughput shall not exceed 50% of throughput capability delivered.
R578,SSS415 The processing speed of each processor shall be such that at least 50% of the throughput of each processor remains unused during all 10 second periods and at least 20% of the throughput of each processor remains unused during all one second periods regardless of the system function performed.
R579,"SSS416 The I/O channel reserve capability for each processor shall have at least a 50% reserve, addressable and useable, I/O channel capacity."
R580,ORD106 The TCS shall comply with the Assistant Secretary of Defense (C3I) Joint Technical Architecture (JTA).
R581,SSS394 The TCS shall comply with the Assistant Secretary of Defense (C3I) Joint Technical Architecture (JTA).
R582,SSS567 All TCS HWCI’s and CSCI’s shall be Year 2000 compliant.
R583,ORD107 The TCS hardware shall be mounted and/or ruggedized to withstand inter and intra theater movement.
R584,SSS373 The TCS hardware shall be mounted and/or ruggedized to withstand inter and intra theater movement.
R585,ORD108 TCS containers must be reusable and enable the operators to set-up equipment within the established timelines in their ORDs.
R586,SSS505 TCS transport and storage containers shall be reusable and enable the operators to set-up equipment within the established timelines in their ORDs.
R587,"ORD109 The TCS shall support direct connectivity to standard DOD tactical (VHF, UHF, and UHF/VHF) radios, Mobile Subscriber Equipment, and military/commercial satellite communications capabilities."
R588,"SSS285 The TCS shall provide the capability to interface with equipment necessary to provide connectivity with standard DOD tactical (VHF, UHF, and UHF/VHF) radios, Mobile Subscriber Equipment, and military and commercial satellite communications equipment."
R589,ORD110 The TCS shall be capable of entering DII-COE compliant (C4I) networks.
R590,"Network interoperability shall include, but not be limited to:"
R591,"Common Operational Modeling, Planning, and Simulation System (COMPSS) SSS209 The TCS shall be capable of entering DII-COE compliant (C4I) networks."
R592,SSS291 The TCS shall provide the necessary hardware and software functionality to allow the TCS to integrate with ASAS.
R593,SSS292 The TCS shall provide the necessary hardware and software functionality to allow the TCS to integrate with JSTARS GSM.
R594,SSS293 The TCS shall provide the necessary hardware and software functionality to allow the TCS to integrate with JMCIS.
R595,SSS294 The TCS shall provide the necessary hardware and software functionality to allow the TCS to integrate with JSIPS-N.
R596,SSS295 The TCS shall provide the necessary hardware and software functionality to allow the TCS to integrate with AFATDS.
R597,SSS296 (Deleted) SSS297 The TCS shall provide the necessary hardware and software functionality to allow the TCS to integrate with CARS .
R598,SSS298 The TCS shall provide the necessary hardware and software functionality to allow the TCS to integrate with CCTV.
R599,SSS300 The TCS shall provide the necessary hardware and software functionality to allow the TCS to integrate with GCS/ACS IPF.
R600,SSS301 The TCS shall provide the necessary hardware and software functionality to allow the TCS to integrate with JDISS.
R601,SSS302 The TCS shall provide the necessary hardware and software functionality to allow the TCS to integrate with TES.
R602,SSS303 The TCS shall provide the necessary hardware and software functionality to allow the TCS to integrate with IAS.
R603,ORD111 The TCS shall be transported into the theater as an organic component of the operational UAV system being deployed.
R604,SSS517 The TCS shall be transported into the theater as an organic component of the operational UAV system being deployed.
R605,"ORD112 TCS transportation in theater for Army and Marine Corps systems shall be by ground transport, air, or rail."
R606,"SSS518 TCS transportation in theater for Army and Marine Corps systems shall be by ground transport, air, or rail."
R607,SSS521 The TCS shall be ground transportable.
R608,The TCS shall be air transportable SSS524 The TCS shall be rail transportable.
R609,"ORD113 For the Air Force, TCS transportation to the theater shall be by air."
R610,"SSS519 For the Air Force, TCS transportation to the theater shall be by air."
R611,"The TCS shall be air transportable ORD114 Within the theater, the USAF GCS shall be capable of being moved around an established air field.SSS520 Within the theater, the USAF GCS shall be capable of being moved around an established air field."
R612,The TCS shall be air transportable ORD115 Basing for the system will follow the plan for UAV units and service command echelon requirements as delineated in paragraph 6 below.
R613,SSS515 Basing for the system shall follow the plan for UAV units and service command echelon requirements as delineated in the ORD.
R614,ORD116 TCS data burst messages shall comply with Variable Message Formats.
R615,"SSS215 Where applicable, TCS data burst messages shall comply with Variable Message Formats."
R616,"ORD117 The TCS shall adhere to DOD regulations and policy governing military standards for logistics, POL, tools, TMDE, and other support items."
R617,"SSS506 The TCS shall adhere to DOD regulations and policy governing military standards for logistics, Petroleum, Oil and Lubricants (POL), tools, Test, Measurement, and Diagnostic Equipment (TMDE), tools, and other support items."
R618,ORD118 The TCS shall require support from NIMA for digitized map displays with elevation data.
R619,ORD119 The environmental support required by the TCS shall be the same as that required for the respective UAV System.
R620,SSS514 The environmental support required by the TCS shall be at least the same as that required for the respective UAV System.
R621,The workstation must have (4.1.3.1.2.1) Ports for outputting data and imagery to printer and magnetic media .
R622,All imagery input must be converted into NITFS 2.0 .
R623,"When stowed an MAE system must be mobile, deployable, and transportable by standard means to include road and air Flight in C-130 aircraft </= 2 C-141Bs and C-17, C-5, CRAF MAE0008"
R624,The MAE system must have a roll on / off capability .
R625,The MAE system must Suffer no internal or external damage or degradation of performance from transportation by truck or aircraft or as a result of being loaded .
R626,"Equipment that must be handled moved, installed, etc. shall be designed with human factors and safety in mind ."
R627,Security (4.3.7.3) All cryptological equipment must be Electronic Key Management System (EKMS) interoperable .
R628,"CRS0013 The complete baseline CR-TUAV system with personnel and equipment, must be transportable in no more than two C-130 sorties."
R629,The threshold system must be capable of 12 continuous hours of operation on station in a 24 hour period;
R630,CR ORD RQMT TRACE # REQUIREMENT DESCRIPTION CR ORD THRESHOL D RQMT CR ORD OBJECTIVE RQMT TCS ORD THRESHOL D COMPATIBL E TCS ORD OBJECTIVE COMPATIBL E CRS0016 The CR-TUAV system shall have a threshold Mean Time Between System Abort (MTBSA) of 20 hours;
R631,CRS0017 the CR-TUAV system shall have an objective MTBSA of 54 hours .
R632,YES CRS0021 The system must be capable of providing continuous power to avoid loss of all system data or loss of AV control during prime power outages.
R633,Ground components must use Service standard tactical communications equipment and procedures.
R634,CRS0024 The system shall provide a minimum of 2 Very High Frequency (VHF) radios.
R635,CR ORD RQMT TRACE # REQUIREMENT DESCRIPTION CR ORD THRESHOL D RQMT CR ORD OBJECTIVE RQMT TCS ORD THRESHOL D COMPATIBL E TCS ORD OBJECTIVE COMPATIBL E CRS0025 The system shall be Mobile Subscriber Equipment (MSE) compatible.
R636,"CR-TUAV communications to include the capability to inject moving imagery into the Global Broadcast System (GBS) must interface with selected standard DOD Command, Control, Communication Threshold ."
R637,CRS0027 All real-time video imagery exported to other imagery systems shall be in the EIA-RS-170 format.
R638,CRS0028 The system shall have UHF communications (capable of secure operations during wartime) with Air Traffic Control (ATC) agencies (peacetime) and AWACS and ABCCC aircraft (wartime/exercises).
R639,The threshold system (AV and generators) must use Motor Gasoline (MOGAS) and/or heavy fuel Threshold .
R640,CRS0030 the objective system must use heavy fuel only. (KPP)* .
R641,"During flight, the AV must perform automatic loiter (adjustable) Threshold ."
R642,"CR ORD RQMT TRACE # REQUIREMENT DESCRIPTION CR ORD THRESHOL D RQMT CR ORD OBJECTIVE RQMT TCS ORD THRESHOL D COMPATIBL E TCS ORD OBJECTIVE COMPATIBL E CRS0055 (5km - objective) from the imaged target, the system must be capable of performing target detection, recognition, and tracking of light wheeled and tracked vehicles and of providing targeting information of sufficient accuracy and timeliness to ."
R643,"In the objective system, the system must be capable of performing wide area surveillance and target classification and identification. ."
R644,N/A CRS0058 Available minimum payload weight capacity shall be not less than 60 lbs (threshold) Threshold .
R645,N/A CRS0060 Target Location Error (TLE) in terms of Circular Error Probable (CEP) must have a threshold of * 80 meters from an operationally effective altitude (>8000ft AGL—day;
R646,N/A CRS0062 The objective DL shall be the Tactical Common Data Link (TCDL).
R647,The threshold DL must: .
R648,N/A CRS0067 GDT must be capable of being remoted a minimum of 400 meters ... from the GCS.
R649,CRS0070 The DL shall also provide data distribution from the CR-TUAV AV to other UAVs’ GCSs (and vice versa) once both UAV systems achieve upgrade to TCS compatibility (objective). .
R650,YES CRS0078 The GCS must be capable of: Automated mission planning functions to include basic flight planning tools.
R651,CRS0088 The system should be capable of displaying overlays or icons of known threat systems and displaying the threat engagement envelopes and associated radar terrain masking for those threats for route planning .
R652,CRS0104 The system shall have a Portable Ground Control Station (PGCS).
R653,The RVT must: (a) Be transportable and able to be set-up (including antenna and cabling) by no more than 2 people. (i.e. each component must not weigh more than 100 lbs.) Threshold .
R654,"An RVT-like capability is required to be integrated into the Battle Command Vehicle (BCV), FSCS, Combat Aviation Brigade Threshold ."
R655,"CR ORD RQMT TRACE # REQUIREMENT DESCRIPTION CR ORD THRESHOL D RQMT CR ORD OBJECTIVE RQMT TCS ORD THRESHOL D COMPATIBL E TCS ORD OBJECTIVE COMPATIBL E CRS0119 The threshold CR-TUAV system must be capable of AV L/R on an unprepared surface without engineering equipment required to prepare or maintain (i.e. without rocks larger than 2"" in diameter, trees or stumps higher than 2"";"
R656,CRS0120 The PGCS and PGDT must be capable of normal L/R operations.
R657,"CRS0125 After the system has achieved the minimum operational capability, the time from receipt of mission tasking to AV launch shall not exceed 30 minutes Threshold ."
R658,The system shall demonstrate a Mean Time To Repair (MTTR) of 0.5 hours for AVUM and 2.0 hours for AVIM.
R659,The threshold system must be deployable in 2xC-
R660,N/A CRS0134 the system threshold bandwidth for the data uplink (GDT to AV) shall be 50 kHz Threshold .
R661,CR ORD RQMT TRACE # REQUIREMENT DESCRIPTION CR ORD THRESHOL D RQMT CR ORD OBJECTIVE RQMT TCS ORD THRESHOL D COMPATIBL E TCS ORD OBJECTIVE COMPATIBL E CRS0136 The downlink (AV to GDT) shall have a minimum bandwidth of
R662,CRS0137 The CR-TUAV system must operate in the radio frequency spectrum with complete electromagnetic compatibility.
R663,Electromagnetic Environmental Effects (E3) operational concerns must be addressed.
R664,"CRS0138 The system and support equipment must be compatible with current individual protective equipment and capable of being operated, maintained, and re-supplied by personnel in Mission Oriented Protective Posture (MOPP) IV (threshold)."
R665,CRS0140 The AV and ground components must be able to withstand the materiel damaging effects of NBC contaminants and decontaminants and be able to be decontaminated to negligible risk levels (objective). .
R666,CRS0141 All components of the CR-TUAV shall be designed to be mutually compatible with other electric or electronic equipment within the system’s expected operational electromagnetic environment.
R667,"CR ORD RQMT TRACE # REQUIREMENT DESCRIPTION CR ORD THRESHOL D RQMT CR ORD OBJECTIVE RQMT TCS ORD THRESHOL D COMPATIBL E TCS ORD OBJECTIVE COMPATIBL E CRS0142 For all components of the CR-TUAV that intentionally emit or receive hertzian waves, spectrum supportability within the United States and with all host nations where the system will deploy shall be determined for the life of the system through the...(MCEB) Threshold ."
R668,CRS0143 The Close Range - TUAV shall comply with applicable national and international spectrum management policies and regulations.
R669,"CRS0146 The TUAV system is required to operate using DoD standard heavy fuels, standard power sources, and worldwide commercial power."
R670,YES CRS0163 The GCSs shall comply with the ASD (C3I) JTA-A.
R671,CRS0164 Computer resources shall be Year 2000 compliant.
R672,"CRS0165 GCS must be compatible with the Joint Technical Architecture- Aviation (JTA-A), the Army Battle Command System (ABCS), and Force XXI Battle Command-Brigade and Below (FBCB2)."
R673,CRS0178 System(s) fielded to satisfy the requirements for the CR-TUAV must comply with applicable information technology standards in the DOD Technical Architecture Framework for Information Management (TAEIM).
